-- phpMyAdmin SQL Dump
-- version 4.0.9
-- http://www.phpmyadmin.net
--
-- Host: 127.0.0.1
-- Generato il: Giu 04, 2014 alle 16:56
-- Versione del server: 5.5.34
-- Versione PHP: 5.4.22

SET SQL_MODE = "NO_AUTO_VALUE_ON_ZERO";
SET time_zone = "+00:00";


/*!40101 SET @OLD_CHARACTER_SET_CLIENT=@@CHARACTER_SET_CLIENT */;
/*!40101 SET @OLD_CHARACTER_SET_RESULTS=@@CHARACTER_SET_RESULTS */;
/*!40101 SET @OLD_COLLATION_CONNECTION=@@COLLATION_CONNECTION */;
/*!40101 SET NAMES utf8 */;

--
-- Database: `codifica`
--

-- --------------------------------------------------------

--
-- Struttura della tabella `category`
--

CREATE TABLE IF NOT EXISTS `category` (
  `id` int(11) NOT NULL AUTO_INCREMENT,
  `name` varchar(40) COLLATE utf8_bin DEFAULT NULL,
  `descr` varchar(100) COLLATE utf8_bin DEFAULT NULL,
  PRIMARY KEY (`id`),
  UNIQUE KEY `name` (`name`)
) ENGINE=InnoDB  DEFAULT CHARSET=utf8 COLLATE=utf8_bin AUTO_INCREMENT=1234 ;

--
-- Dump dei dati per la tabella `category`
--

INSERT INTO `category` (`id`, `name`, `descr`) VALUES
(1217, 'Punctuation', NULL),
(1218, 'Currency', NULL),
(1219, 'Math', NULL),
(1220, 'Diactritics', NULL),
(1221, 'Spanish', NULL),
(1222, 'Currency Symbol', NULL),
(1223, 'German', NULL),
(1224, 'French', NULL),
(1225, 'Italian', NULL),
(1226, 'Czech', NULL),
(1227, 'Slovak', NULL),
(1228, 'Slovenian', NULL),
(1229, 'Romanian', NULL),
(1230, 'Turkish', NULL),
(1231, 'Polish', NULL),
(1232, 'Greek', NULL),
(1233, 'Russian', NULL);

-- --------------------------------------------------------

--
-- Struttura della tabella `category_symbol`
--

CREATE TABLE IF NOT EXISTS `category_symbol` (
  `id` int(11) NOT NULL AUTO_INCREMENT,
  `cat_id` int(11) DEFAULT NULL,
  `symbol_id` int(11) DEFAULT NULL,
  PRIMARY KEY (`id`),
  KEY `fk-category` (`cat_id`),
  KEY `fk-symbol` (`symbol_id`)
) ENGINE=InnoDB  DEFAULT CHARSET=utf8 COLLATE=utf8_bin AUTO_INCREMENT=359 ;

--
-- Dump dei dati per la tabella `category_symbol`
--

INSERT INTO `category_symbol` (`id`, `cat_id`, `symbol_id`) VALUES
(1, 1217, 12573),
(2, 1217, 12574),
(3, 1217, 12575),
(4, 1217, 12576),
(5, 1217, 12577),
(6, 1217, 12578),
(7, 1217, 12579),
(8, 1218, 12580),
(9, 1219, 12581),
(10, 1217, 12582),
(11, 1217, 12583),
(12, 1217, 12584),
(13, 1217, 12585),
(14, 1217, 12586),
(15, 1219, 12587),
(16, 1217, 12588),
(17, 1217, 12589),
(18, 1217, 12590),
(19, 1217, 12591),
(20, 1217, 12592),
(21, 1217, 12593),
(22, 1219, 12594),
(23, 1219, 12595),
(24, 1219, 12596),
(25, 1217, 12597),
(26, 1217, 12598),
(27, 1217, 12599),
(28, 1217, 12600),
(29, 1217, 12601),
(30, 1217, 12602),
(31, 1217, 12603),
(32, 1220, 12604),
(33, 1217, 12605),
(34, 1217, 12606),
(35, 1217, 12607),
(36, 1220, 12608),
(37, 1217, 12609),
(38, 1218, 12610),
(39, 1218, 12611),
(40, 1222, 12612),
(41, 1218, 12613),
(42, 1217, 12614),
(43, 1217, 12615),
(44, 1220, 12616),
(45, 1217, 12617),
(46, 1217, 12618),
(47, 1217, 12619),
(48, 1217, 12620),
(49, 1217, 12621),
(50, 1217, 12622),
(51, 1220, 12623),
(52, 1217, 12624),
(53, 1219, 12625),
(54, 1217, 12626),
(55, 1217, 12627),
(56, 1220, 12628),
(57, 1217, 12629),
(58, 1217, 12630),
(59, 1217, 12631),
(60, 1220, 12632),
(61, 1217, 12633),
(62, 1217, 12634),
(63, 1217, 12635),
(64, 1219, 12636),
(65, 1219, 12637),
(66, 1219, 12638),
(67, 1221, 12639),
(68, 1219, 12640),
(69, 1223, 12641),
(70, 1225, 12642),
(71, 1225, 12643),
(72, 1228, 12644),
(73, 1228, 12645),
(74, 1229, 12646),
(75, 1229, 12647),
(76, 1223, 12648),
(77, 1223, 12649),
(78, 1224, 12650),
(79, 1224, 12651),
(80, 1230, 12652),
(81, 1230, 12653),
(82, 1225, 12654),
(83, 1225, 12655),
(84, 1223, 12656),
(85, 1223, 12657),
(86, 1224, 12658),
(87, 1224, 12659),
(88, 1224, 12660),
(89, 1224, 12661),
(90, 1225, 12662),
(91, 1225, 12663),
(92, 1221, 12664),
(93, 1221, 12665),
(94, 1229, 12666),
(95, 1229, 12667),
(96, 1224, 12668),
(97, 1224, 12669),
(98, 1221, 12670),
(99, 1221, 12671),
(100, 1225, 12672),
(101, 1225, 12673),
(102, 1231, 12674),
(103, 1231, 12675),
(104, 1224, 12676),
(105, 1224, 12677),
(106, 1223, 12678),
(107, 1223, 12679),
(108, 1219, 12680),
(109, 1225, 12681),
(110, 1225, 12682),
(111, 1221, 12683),
(112, 1221, 12684),
(113, 1224, 12685),
(114, 1224, 12686),
(115, 1221, 12687),
(116, 1223, 12688),
(117, 1228, 12689),
(118, 1228, 12690),
(119, 1229, 12691),
(120, 1229, 12692),
(121, 1231, 12693),
(122, 1231, 12694),
(123, 1231, 12695),
(124, 1231, 12696),
(125, 1228, 12697),
(126, 1228, 12698),
(127, 1228, 12699),
(128, 1231, 12700),
(129, 1231, 12701),
(130, 1228, 12702),
(131, 1228, 12703),
(132, 1230, 12704),
(133, 1230, 12705),
(134, 1230, 12706),
(135, 1228, 12707),
(136, 1228, 12708),
(137, 1231, 12709),
(138, 1231, 12710),
(139, 1231, 12711),
(140, 1231, 12712),
(141, 1228, 12713),
(142, 1228, 12714),
(143, 1224, 12715),
(144, 1224, 12716),
(145, 1228, 12717),
(146, 1228, 12718),
(147, 1228, 12719),
(148, 1228, 12720),
(149, 1231, 12721),
(150, 1231, 12722),
(151, 1229, 12723),
(152, 1229, 12724),
(153, 1228, 12725),
(154, 1228, 12726),
(155, 1229, 12727),
(156, 1229, 12728),
(157, 1228, 12729),
(158, 1228, 12730),
(159, 1228, 12731),
(160, 1231, 12732),
(161, 1231, 12733),
(162, 1231, 12734),
(163, 1231, 12735),
(164, 1228, 12736),
(165, 1228, 12737),
(166, 1219, 12738),
(167, 1229, 12739),
(168, 1229, 12740),
(169, 1229, 12741),
(170, 1229, 12742),
(171, 1220, 12743),
(172, 1220, 12744),
(173, 1220, 12745),
(174, 1220, 12746),
(175, 1220, 12747),
(176, 1220, 12748),
(177, 1220, 12749),
(178, 1232, 12750),
(179, 1232, 12751),
(180, 1232, 12752),
(181, 1232, 12753),
(182, 1232, 12754),
(183, 1232, 12755),
(184, 1232, 12756),
(185, 1232, 12757),
(186, 1232, 12758),
(187, 1232, 12759),
(188, 1232, 12760),
(189, 1232, 12761),
(190, 1232, 12762),
(191, 1232, 12763),
(192, 1232, 12764),
(193, 1232, 12765),
(194, 1232, 12766),
(195, 1232, 12767),
(196, 1232, 12768),
(197, 1232, 12769),
(198, 1232, 12770),
(199, 1232, 12771),
(200, 1232, 12772),
(201, 1232, 12773),
(202, 1232, 12774),
(203, 1232, 12775),
(204, 1232, 12776),
(205, 1232, 12777),
(206, 1232, 12778),
(207, 1232, 12779),
(208, 1232, 12780),
(209, 1232, 12781),
(210, 1232, 12782),
(211, 1232, 12783),
(212, 1232, 12784),
(213, 1232, 12785),
(214, 1232, 12786),
(215, 1232, 12787),
(216, 1232, 12788),
(217, 1232, 12789),
(218, 1232, 12790),
(219, 1232, 12791),
(220, 1232, 12792),
(221, 1232, 12793),
(222, 1232, 12794),
(223, 1232, 12795),
(224, 1232, 12796),
(225, 1232, 12797),
(226, 1232, 12798),
(227, 1233, 12799),
(228, 1233, 12800),
(229, 1233, 12801),
(230, 1233, 12802),
(231, 1233, 12803),
(232, 1233, 12804),
(233, 1233, 12805),
(234, 1233, 12806),
(235, 1233, 12807),
(236, 1233, 12808),
(237, 1233, 12809),
(238, 1233, 12810),
(239, 1233, 12811),
(240, 1233, 12812),
(241, 1233, 12813),
(242, 1233, 12814),
(243, 1233, 12815),
(244, 1233, 12816),
(245, 1233, 12817),
(246, 1233, 12818),
(247, 1233, 12819),
(248, 1233, 12820),
(249, 1233, 12821),
(250, 1233, 12822),
(251, 1233, 12823),
(252, 1233, 12824),
(253, 1233, 12825),
(254, 1233, 12826),
(255, 1233, 12827),
(256, 1233, 12828),
(257, 1233, 12829),
(258, 1233, 12830),
(259, 1233, 12831),
(260, 1233, 12832),
(261, 1233, 12833),
(262, 1233, 12834),
(263, 1233, 12835),
(264, 1233, 12836),
(265, 1233, 12837),
(266, 1233, 12838),
(267, 1233, 12839),
(268, 1233, 12840),
(269, 1233, 12841),
(270, 1233, 12842),
(271, 1233, 12843),
(272, 1233, 12844),
(273, 1233, 12845),
(274, 1233, 12846),
(275, 1233, 12847),
(276, 1233, 12848),
(277, 1233, 12849),
(278, 1233, 12850),
(279, 1233, 12851),
(280, 1233, 12852),
(281, 1233, 12853),
(282, 1233, 12854),
(283, 1233, 12855),
(284, 1233, 12856),
(285, 1233, 12857),
(286, 1233, 12858),
(287, 1233, 12859),
(288, 1233, 12860),
(289, 1233, 12861),
(290, 1233, 12862),
(291, 1217, 12863),
(292, 1217, 12864),
(293, 1217, 12865),
(294, 1217, 12866),
(295, 1217, 12867),
(296, 1217, 12868),
(297, 1217, 12869),
(298, 1217, 12870),
(299, 1217, 12871),
(300, 1217, 12872),
(301, 1217, 12873),
(302, 1217, 12874),
(303, 1217, 12875),
(304, 1217, 12876),
(305, 1218, 12877),
(306, 1217, 12878),
(307, 1217, 12879),
(308, 1217, 12880),
(309, 1217, 12881),
(310, 1219, 12882),
(311, 1217, 12883),
(312, 1218, 12884),
(313, 1225, 12885),
(314, 1218, 12886),
(315, 1218, 12887),
(316, 1217, 12888),
(317, 1217, 12889),
(318, 1217, 12890),
(319, 1219, 12891),
(320, 1219, 12892),
(321, 1219, 12893),
(322, 1219, 12894),
(323, 1217, 12895),
(324, 1217, 12896),
(325, 1217, 12897),
(326, 1217, 12898),
(327, 1219, 12899),
(328, 1219, 12900),
(329, 1219, 12901),
(330, 1219, 12902),
(331, 1219, 12903),
(332, 1219, 12904),
(333, 1219, 12905),
(334, 1219, 12906),
(335, 1219, 12907),
(336, 1219, 12908),
(337, 1219, 12909),
(338, 1219, 12910),
(339, 1219, 12911),
(340, 1219, 12912),
(341, 1219, 12913),
(342, 1219, 12914),
(343, 1217, 12915),
(344, 1217, 12916),
(345, 1217, 12917),
(346, 1217, 12918),
(347, 1217, 12919),
(348, 1217, 12920),
(349, 1217, 12921),
(350, 1217, 12922),
(351, 1217, 12923),
(352, 1217, 12924),
(353, 1217, 12925);

-- --------------------------------------------------------

--
-- Struttura della tabella `log`
--

CREATE TABLE IF NOT EXISTS `log` (
  `id` int(11) NOT NULL AUTO_INCREMENT,
  `table` varchar(40) COLLATE utf8_bin NOT NULL,
  `tableRowId` int(11) DEFAULT NULL,
  `time` timestamp NOT NULL DEFAULT CURRENT_TIMESTAMP ON UPDATE CURRENT_TIMESTAMP,
  `author` int(10) unsigned DEFAULT NULL,
  `action` varchar(10) COLLATE utf8_bin DEFAULT NULL,
  PRIMARY KEY (`id`),
  KEY `log_author` (`author`)
) ENGINE=InnoDB  DEFAULT CHARSET=utf8 COLLATE=utf8_bin AUTO_INCREMENT=16 ;

--
-- Dump dei dati per la tabella `log`
--

INSERT INTO `log` (`id`, `table`, `tableRowId`, `time`, `author`, `action`) VALUES
(1, 'user', 3, '2014-06-04 12:39:15', 3, 'delete'),
(2, 'user', 2, '2014-06-04 13:34:45', 2, 'delete'),
(3, 'user', 2, '2014-06-04 13:38:25', 2, 'delete'),
(4, 'user', 2, '2014-06-04 13:38:29', 2, 'delete'),
(5, 'symbol', 13436, '2014-06-04 13:48:56', 3, 'create'),
(6, 'symbol', 13436, '2014-06-04 13:51:07', 3, 'delete'),
(7, 'symbol', 13437, '2014-06-04 14:01:07', 3, 'insert'),
(8, 'symbol', 13437, '2014-06-04 14:01:07', 3, 'create'),
(9, 'symbol', 13437, '2014-06-04 14:07:44', 3, 'delete'),
(10, 'symbol', 13438, '2014-06-04 14:10:55', 3, 'insert'),
(11, 'symbol', 13438, '2014-06-04 14:11:32', 3, 'update'),
(12, 'symbol', 13438, '2014-06-04 14:12:19', 3, 'delete'),
(13, 'symbol', 13440, '2014-06-04 14:25:38', 3, 'insert'),
(14, 'symbol', 13440, '2014-06-04 14:26:18', 3, 'update'),
(15, 'symbol', 13440, '2014-06-04 14:26:32', 3, 'delete');

-- --------------------------------------------------------

--
-- Struttura della tabella `migration`
--

CREATE TABLE IF NOT EXISTS `migration` (
  `version` varchar(180) CHARACTER SET latin1 NOT NULL,
  `apply_time` int(11) DEFAULT NULL,
  PRIMARY KEY (`version`)
) ENGINE=InnoDB DEFAULT CHARSET=utf8 COLLATE=utf8_bin;

--
-- Dump dei dati per la tabella `migration`
--

INSERT INTO `migration` (`version`, `apply_time`) VALUES
('m000000_000000_base', 1401435654),
('m131114_141544_add_user', 1401803579),
('m140514_012821_add_user_auth', 1401803580),
('m140530_064303_create_table_category', 1401802850),
('m140530_071158_create_table_symbol', 1401802850),
('m140530_072109_create_table_category_symbol', 1401802851),
('m140530_082633_add_column_to_symbol', 1401802851),
('m140530_084102_seed_category_table', 1401802852),
('m140530_090704_seed_symbol_table', 1401802871),
('m140530_094016_seed_category_symbol_table', 1401802887),
('m140530_125416_seed_symbol_table_with_new_data', 1401802918),
('m140604_104052_create_log_table', 1401885486),
('m140604_122320_add_fk_to_log', 1401885486);

-- --------------------------------------------------------

--
-- Struttura della tabella `profile`
--

CREATE TABLE IF NOT EXISTS `profile` (
  `id` int(10) unsigned NOT NULL AUTO_INCREMENT,
  `user_id` int(10) unsigned NOT NULL,
  `create_time` timestamp NULL DEFAULT NULL,
  `update_time` timestamp NULL DEFAULT NULL,
  `full_name` varchar(255) COLLATE utf8_bin DEFAULT NULL,
  PRIMARY KEY (`id`),
  KEY `profile_user_id` (`user_id`)
) ENGINE=InnoDB  DEFAULT CHARSET=utf8 COLLATE=utf8_bin AUTO_INCREMENT=5 ;

--
-- Dump dei dati per la tabella `profile`
--

INSERT INTO `profile` (`id`, `user_id`, `create_time`, `update_time`, `full_name`) VALUES
(2, 2, '2014-06-03 13:59:14', NULL, 'Daniele Macori'),
(3, 3, '2014-06-03 14:01:33', '2014-06-03 14:05:11', 'Andrey Shcherbakov'),
(4, 4, '2014-06-03 14:55:22', '2014-06-04 09:30:14', 'Andrea Impiglia');

-- --------------------------------------------------------

--
-- Struttura della tabella `role`
--

CREATE TABLE IF NOT EXISTS `role` (
  `id` int(10) unsigned NOT NULL AUTO_INCREMENT,
  `name` varchar(255) COLLATE utf8_bin NOT NULL,
  `create_time` timestamp NULL DEFAULT NULL,
  `update_time` timestamp NULL DEFAULT NULL,
  `can_admin` tinyint(4) NOT NULL DEFAULT '0',
  PRIMARY KEY (`id`)
) ENGINE=InnoDB  DEFAULT CHARSET=utf8 COLLATE=utf8_bin AUTO_INCREMENT=3 ;

--
-- Dump dei dati per la tabella `role`
--

INSERT INTO `role` (`id`, `name`, `create_time`, `update_time`, `can_admin`) VALUES
(1, 'Admin', '2014-06-03 13:52:59', NULL, 1),
(2, 'User', '2014-06-03 13:52:59', NULL, 0);

-- --------------------------------------------------------

--
-- Struttura della tabella `symbol`
--

CREATE TABLE IF NOT EXISTS `symbol` (
  `id` int(11) NOT NULL AUTO_INCREMENT,
  `symbol` char(1) COLLATE utf8_bin DEFAULT NULL,
  `html` char(10) COLLATE utf8_bin DEFAULT NULL,
  `dec` char(8) COLLATE utf8_bin DEFAULT NULL,
  `hex` char(8) COLLATE utf8_bin DEFAULT NULL,
  `descr` varchar(100) COLLATE utf8_bin DEFAULT NULL,
  `ProtettiHtml` tinyint(1) NOT NULL,
  `NoHtml` tinyint(1) NOT NULL,
  `property` varchar(50) COLLATE utf8_bin DEFAULT NULL,
  PRIMARY KEY (`id`),
  UNIQUE KEY `symbol` (`symbol`),
  UNIQUE KEY `html` (`html`),
  UNIQUE KEY `dec` (`dec`),
  UNIQUE KEY `hex` (`hex`)
) ENGINE=InnoDB  DEFAULT CHARSET=utf8 COLLATE=utf8_bin AUTO_INCREMENT=13441 ;

--
-- Dump dei dati per la tabella `symbol`
--

INSERT INTO `symbol` (`id`, `symbol`, `html`, `dec`, `hex`, `descr`, `ProtettiHtml`, `NoHtml`, `property`) VALUES
(12573, NULL, NULL, '&#09;', '&#x09;', 'Horizontal Tab', 0, 0, NULL),
(12574, '', NULL, '&#32;', '&#x20;', 'Space', 0, 0, NULL),
(12575, NULL, '&nbsp;', '&#160;', '&#xA0;', 'Non-Breaking Space', 0, 0, NULL),
(12576, NULL, NULL, '&#10;', '&#x10;', 'Line Feed', 0, 0, NULL),
(12577, '!', NULL, '&#33;', '&#x21;', 'Exclamation Point', 0, 0, NULL),
(12578, '"', '&quot;', '&#34;', '&#x22;', 'Double Quote', 1, 0, NULL),
(12579, '#', NULL, '&#35;', '&#x23;', 'Number Sign', 1, 0, NULL),
(12580, '$', NULL, '&#36;', '&#x24;', 'Dollar Sign', 0, 0, NULL),
(12581, '%', NULL, '&#37;', '&#x25;', 'Percent', 0, 0, NULL),
(12582, '&', '&amp;', '&#38;', '&#x26;', 'Ampersand', 1, 0, NULL),
(12583, '''', NULL, '&#39;', '&#x27;', 'Single Quote', 0, 0, NULL),
(12584, '(', NULL, '&#40;', '&#x28;', 'Left Parenthesis', 0, 0, NULL),
(12585, ')', NULL, '&#41;', '&#x29;', 'Right Parenthesis', 0, 0, NULL),
(12586, '*', NULL, '&#42;', '&#x2A;', 'Asterisk (Star)', 0, 0, NULL),
(12587, '+', NULL, '&#43;', '&#x2B;', 'Plus Sign', 0, 0, NULL),
(12588, ',', NULL, '&#44;', '&#x2C;', 'Comma', 0, 0, NULL),
(12589, '-', NULL, '&#45;', '&#x2D;', 'Hyphen', 0, 0, NULL),
(12590, '.', NULL, '&#46;', '&#x2E;', 'Period', 1, 0, NULL),
(12591, '/', NULL, '&#47;', '&#x2F;', 'Forward Slash', 1, 0, NULL),
(12592, ':', NULL, '&#58;', '&#x3A;', 'Colon', 1, 0, NULL),
(12593, ';', NULL, '&#59;', '&#x3B;', 'Semi-Colon', 1, 0, NULL),
(12594, '<', '&lt;', '&#60;', '&#x3C;', 'Less Than Sign', 0, 0, NULL),
(12595, '=', NULL, '&#61;', '&#x3D;', 'Equal Sign', 0, 0, NULL),
(12596, '>', '&gt;', '&#62;', '&#x3E;', 'Greater Than Sign', 0, 0, NULL),
(12597, '?', NULL, '&#63;', '&#x3F;', 'Question Mark', 0, 0, NULL),
(12598, '@', NULL, '&#64;', '&#x40;', 'At Sign', 0, 0, NULL),
(12599, '[', NULL, '&#91;', '&#x5B;', 'Left Square Bracket', 0, 0, NULL),
(12600, '\\', NULL, '&#92;', '&#x5C;', 'Back Slash', 1, 0, NULL),
(12601, ']', NULL, '&#93;', '&#x5D;', 'Right Square Bracket', 0, 0, NULL),
(12602, '^', NULL, '&#94;', '&#x5E;', 'Caret', 0, 0, NULL),
(12603, '_', NULL, '&#95;', '&#x5F;', 'Underscore', 1, 0, NULL),
(12604, '`', NULL, '&#96;', '&#x60;', 'Grave Accent', 0, 0, NULL),
(12605, '{', NULL, '&#123;', '&#x7B;', 'Left Curly Brace', 0, 0, NULL),
(12606, '|', NULL, '&#124;', '&#x7C;', 'Vertical Bar', 0, 0, NULL),
(12607, '}', NULL, '&#125;', '&#x7D;', 'Right Curly Brace', 0, 0, NULL),
(12608, '~', '&tilde;', '&#126;', '&#x7E;', 'Tilde', 0, 0, NULL),
(12609, '¡', NULL, '&#161;', '&#xA1;', 'Inverted exclamation point', 0, 0, NULL),
(12610, '¢', '&cent;', '&#162;', '&#xA2;', 'Cent Sign', 0, 0, NULL),
(12611, '£', '&pound;', '&#163;', '&#xA3;', 'Pound Sterling', 0, 0, NULL),
(12612, '¤', '&curren;', '&#164;', '&#xA4;', 'Generic', 0, 0, NULL),
(12613, '¥', '&yen;', '&#165;', '&#xA5;', 'Yen Symbol', 0, 0, NULL),
(12614, '¦', '&brvbar;', '&#166;', '&#xA6;', 'Broken Vertical Bar', 0, 0, NULL),
(12615, '§', '&sect;', '&#167;', '&#xA7;', 'Section Mark', 0, 0, NULL),
(12616, '¨', '&uml;', '&#168;', '&#xA8;', 'Umlaut', 0, 0, NULL),
(12617, '©', '&copy;', '&#169;', '&#xA9;', 'Copyright', 0, 0, NULL),
(12618, 'ª', '&ordf;', '&#170;', '&#xAA;', 'Feminine Ordinal Indicator', 0, 0, NULL),
(12619, '«', '&laquo;', '&#171;', '&#xAB;', 'Left Angle Quote', 0, 0, NULL),
(12620, '¬', '&not;', '&#172;', '&#xAC;', 'Not Sign', 0, 0, NULL),
(12621, '­', '&shy;', '&#173;', '&#xAD;', 'Soft Hyphen', 0, 0, NULL),
(12622, '®', '&reg;', '&#174;', '&#xAE;', 'Registered Symbol', 0, 0, NULL),
(12623, '¯', '&macr;', '&#175;', '&#xAF;', 'Macron', 0, 0, NULL),
(12624, '°', '&deg;', '&#176;', '&#xB0;', 'Degree', 0, 0, NULL),
(12625, '±', '&plusmn;', '&#177;', '&#xB1;', 'Plus or Minus Sign', 0, 0, NULL),
(12626, '²', '&sup2;', '&#178;', '&#xB2;', 'Superscript 2', 0, 0, NULL),
(12627, '³', '&sup3;', '&#179;', '&#xB3;', 'Superscript 3', 0, 0, NULL),
(12628, '´', '&acute;', '&#180;', '&#xB4;', 'Acute', 0, 0, NULL),
(12629, 'µ', '&micro;', '&#181;', '&#xB5;', 'Micro Sign', 0, 0, NULL),
(12630, '¶', '&para;', '&#182;', '&#xB6;', 'Pilcrow (Paragraph Sign)', 0, 0, NULL),
(12631, '·', '&middot;', '&#183;', '&#xB7;', 'Middle Dot', 0, 0, NULL),
(12632, '¸', '&cedil;', '&#184;', '&#xB8;', 'Cedilla', 0, 0, NULL),
(12633, '¹', '&sup1;', '&#185;', '&#xB9;', 'Superscript 1', 0, 0, NULL),
(12634, 'º', '&ordm;', '&#186;', '&#xBA;', 'Masculine Ordinal Indicator', 0, 0, NULL),
(12635, '»', '&raquo;', '&#187;', '&#xBB;', 'Right Angle Quote', 0, 0, NULL),
(12636, '¼', '&frac14;', '&#188;', '&#xBC;', 'One Quarter Fraction', 0, 0, NULL),
(12637, '½', '&frac12;', '&#189;', '&#xBD;', 'One Half Fraction', 0, 0, NULL),
(12638, '¾', '&frac34;', '&#190;', '&#xBE;', 'Three Quarters Fraction', 0, 0, NULL),
(12639, '¿', '&iquest;', '&#191;', '&#xBF;', 'Inverted Question Mark', 0, 0, NULL),
(12640, '×', '&times;', '&#215;', '&#xD7;', 'Multiplication Sign', 0, 0, NULL),
(12641, 'ß', NULL, '&#223;', NULL, 'SZ ligature', 0, 0, NULL),
(12642, 'À', '&Agrave;', '&#192;', '&#xC0;', 'Capital A-grave', 0, 0, NULL),
(12643, 'à', '&agrave;', '&#224;', '&#xE0;', 'Lowercase a-grave', 0, 0, NULL),
(12644, 'Á', '&Aacute;', '&#193;', '&#xC1;', 'Capital A-acute', 0, 0, NULL),
(12645, 'á', '&aacute;', '&#225;', '&#xE1;', 'Lowercase a-acute', 0, 0, NULL),
(12646, 'Â', '&Acirc;', '&#194;', '&#xC2;', 'Capital A-circumflex', 0, 0, NULL),
(12647, 'â', '&acirc;', '&#226;', '&#xE2;', 'Lowercase a-circumflex', 0, 0, NULL),
(12648, 'Ä', '&Auml;', '&#196;', NULL, 'Capital A-umlaut', 0, 0, NULL),
(12649, 'ä', '&auml;', '&#228;', NULL, 'Lowercase a-umlaut', 0, 0, NULL),
(12650, 'Æ', '&AElig;', '&#198;', '&#xC6;', 'Capital AE Ligature', 0, 0, NULL),
(12651, 'æ', '&aelig;', '&#230;', '&#xE6;', 'Lowercase AE Ligature', 0, 0, NULL),
(12652, 'Ç', '&Ccedil;', '&#199;', '&#xC7;', 'Capital C-cedilla', 0, 0, NULL),
(12653, 'ç', '&ccedil;', '&#231;', '&#xE7;', 'Lowercase c-cedilla', 0, 0, NULL),
(12654, 'È', '&Egrave;', '&#200;', '&#xC8;', 'Capital E-grave', 0, 0, NULL),
(12655, 'è', '&egrave;', '&#232;', '&#xE8;', 'Lowercase e-grave', 0, 0, NULL),
(12656, 'É', '&Eacute;', '&#201;', '&#xC9;', 'Capital E-acute', 0, 0, NULL),
(12657, 'é', '&eacute;', '&#233;', '&#xE9;', 'Lowercase e-acute', 0, 0, NULL),
(12658, 'Ê', '&Ecirc;', '&#202;', '&#xCA;', 'Capital E-circumflex', 0, 0, NULL),
(12659, 'ê', '&ecirc;', '&#234;', '&#xEA;', 'Lowercase e-circumflex', 0, 0, NULL),
(12660, 'Ë', '&Euml;', '&#203;', '&#xCB;', 'Capital E-umlaut', 0, 0, NULL),
(12661, 'ë', '&euml;', '&#235;', '&#xEB;', 'Lowercase e-umlaut', 0, 0, NULL),
(12662, 'Ì', '&Igrave;', '&#204;', '&#xCC;', 'Capital I-grave', 0, 0, NULL),
(12663, 'ì', '&igrave;', '&#236;', '&#xEC;', 'Lowercase i-grave', 0, 0, NULL),
(12664, 'Í', '&Iacute;', '&#205;', '&#xCD;', 'Capital I-acute', 0, 0, NULL),
(12665, 'í', '&iacute;', '&#237;', '&#xED;', 'Lowercase i-acute Lowercase I-acute Lowercase i-acute', 0, 0, NULL),
(12666, 'Î', '&Icirc;', '&#206;', '&#xCE;', 'Capital I-circumflex', 0, 0, NULL),
(12667, 'î', '&icirc;', '&#238;', '&#xEE;', 'Lowercase i-circumflex', 0, 0, NULL),
(12668, 'Ï', '&Iuml;', '&#207;', '&#xCF;', 'Capital I-umlaut', 0, 0, NULL),
(12669, 'ï', '&iuml;', '&#239;', '&#xEF;', 'Lowercase i-umlaut', 0, 0, NULL),
(12670, 'Ñ', '&Ntilde;', '&#209;', '&#xD1;', 'Capital N-tilde', 0, 0, NULL),
(12671, 'ñ', '&ntilde;', '&#241;', '&#xF1;', 'Lowercase n-tilde', 0, 0, NULL),
(12672, 'Ò', '&Ograve;', '&#210;', '&#xD2;', 'Capital O-grave', 0, 0, NULL),
(12673, 'ò', '&ograve;', '&#242;', '&#xF2;', 'Lowercase o-grave', 0, 0, NULL),
(12674, 'Ó', '&Oacute;', '&#211;', '&#xD3;', 'Capital O-acute', 0, 0, NULL),
(12675, 'ó', '&oacute;', '&#243;', '&#xF3;', 'Lowercase o-acute', 0, 0, NULL),
(12676, 'Ô', '&Ocirc;', '&#212;', '&#xD4;', 'Capital O-circumflex', 0, 0, NULL),
(12677, 'ô', '&ocirc;', '&#244;', '&#xF4;', 'Lowercase o-circumflex', 0, 0, NULL),
(12678, 'Ö', '&Ouml;', '&#214;', NULL, 'Capital O-umlaut', 0, 0, NULL),
(12679, 'ö', '&ouml;', '&#246;', NULL, 'Lowercase o-umlaut', 0, 0, NULL),
(12680, '÷', '&divide;', '&#247;', '&#xF7;', 'Division Sign', 0, 0, NULL),
(12681, 'Ù', '&Ugrave;', '&#217;', '&#xD9;', 'Capital U-grave', 0, 0, NULL),
(12682, 'ù', '&ugrave;', '&#249;', '&#xF9;', 'Lowercase u-grave', 0, 0, NULL),
(12683, 'Ú', '&Uacute;', '&#218;', '&#xDA;', 'Capital U-acute', 0, 0, NULL),
(12684, 'ú', '&uacute;', '&#250;', '&#xFA;', 'Lowercase u-acute', 0, 0, NULL),
(12685, 'Û', '&Ucirc;', '&#219;', '&#xDB;', 'Capital U-circumflex', 0, 0, NULL),
(12686, 'û', '&ucirc;', '&#251;', '&#xFB;', 'Lowercase U-circumflex', 0, 0, NULL),
(12687, 'ü', '&uuml;', '&#252;', '&#xFC;', 'Lowercase u-umlaut', 0, 0, NULL),
(12688, 'Ü', '&Uuml;', '&#220;', '&#xDC;', 'Capital U-umlaut', 0, 0, NULL),
(12689, 'Ý', '&Yacute;', '&#221;', NULL, 'Capital Y-acute', 0, 0, NULL),
(12690, 'ý', '&yacute;', '&#253;', NULL, 'Lowercase y-acute', 0, 0, NULL),
(12691, 'Ă', NULL, '&#258;', '&#x102;', 'Capital A-breve', 0, 0, NULL),
(12692, 'ă', NULL, '&#259;', '&#x103;', 'Lowercase a-breve', 0, 0, NULL),
(12693, 'Ą', NULL, '&#260;', NULL, 'Capital A-cedille', 0, 0, NULL),
(12694, 'ą', NULL, '&#261;', NULL, 'Lowercase a-cedille', 0, 0, NULL),
(12695, 'Ć', NULL, '&#262;', NULL, 'Capital C-acute', 0, 0, NULL),
(12696, 'ć', NULL, '&#263;', NULL, 'Lowercase c-acute', 0, 0, NULL),
(12697, 'Č', NULL, '&#268;', NULL, 'Capital C-hachek', 0, 0, NULL),
(12698, 'č', NULL, '&#269;', NULL, 'Lowercase c-hachek', 0, 0, NULL),
(12699, 'ď', NULL, '&#271;', NULL, 'd-apostrophe', 0, 0, NULL),
(12700, 'Ę', NULL, '&#280;', NULL, 'Capital E-cedille', 0, 0, NULL),
(12701, 'ę', NULL, '&#281;', NULL, 'Lowercase e-cedille', 0, 0, NULL),
(12702, 'Ě', NULL, '&#282;', NULL, 'Capital E-hachek', 0, 0, NULL),
(12703, 'ě', NULL, '&#283;', NULL, 'Lowercase e-hachek', 0, 0, NULL),
(12704, 'Ğ', NULL, '&#286;', NULL, 'Capital G-breve', 0, 0, NULL),
(12705, 'ğ', NULL, '&#287;', NULL, 'Lowercase g-breve', 0, 0, NULL),
(12706, 'ı', NULL, '&#305;', NULL, 'Lowercase i-dotless', 0, 0, NULL),
(12707, 'Ĺ', NULL, '&#313;', NULL, 'Capital L-acute', 0, 0, NULL),
(12708, 'ĺ', NULL, '&#314;', NULL, 'Lowercase l-acute', 0, 0, NULL),
(12709, 'Ł', NULL, '&#321;', NULL, 'Capital L-bar', 0, 0, NULL),
(12710, 'ł', NULL, '&#322;', NULL, 'Lowercase l-bar', 0, 0, NULL),
(12711, 'Ń', NULL, '&#323;', NULL, 'Capital N-acute', 0, 0, NULL),
(12712, 'ń', NULL, '&#324;', NULL, 'Lowercase n-acute', 0, 0, NULL),
(12713, 'Ň', NULL, '&#327;', NULL, 'Capital N-hachek', 0, 0, NULL),
(12714, 'ň', NULL, '&#328;', NULL, 'Lowercase n-hachek', 0, 0, NULL),
(12715, 'Œ', '&OElig;', '&#140;', '&#x152;', 'Capital OE ligature', 0, 0, NULL),
(12716, 'œ', '&oelig;', '&#156;', '&#x153;', 'Lowercase oe ligature', 0, 0, NULL),
(12717, 'Ŕ', NULL, '&#340;', NULL, 'Capital R-acute', 0, 0, NULL),
(12718, 'ŕ', NULL, '&#341;', NULL, 'Lowercase r-acute', 0, 0, NULL),
(12719, 'Ř', NULL, '&#344;', NULL, 'Capital R-hachek', 0, 0, NULL),
(12720, 'ř', NULL, '&#345;', NULL, 'Lowercase r-hachek', 0, 0, NULL),
(12721, 'Ś', NULL, '&#346;', NULL, 'Capital S-acute', 0, 0, NULL),
(12722, 'ś', NULL, '&#347;', NULL, 'Lowercase s-acute', 0, 0, NULL),
(12723, 'Ş', NULL, '&#350;', '&#x15E;', 'Capital S-cedil', 0, 0, NULL),
(12724, 'ş', NULL, '&#351;', '&#x15F;', 'Lowercase s-cedil', 0, 0, NULL),
(12725, 'Š', NULL, '&#352;', NULL, 'Capital S-hachek', 0, 0, NULL),
(12726, 'š', NULL, '&#353;', NULL, 'Lowercase s-hachek', 0, 0, NULL),
(12727, 'Ţ', NULL, '&#354;', '&#x162;', 'Capital T-cedilla', 0, 0, NULL),
(12728, 'ţ', NULL, '&#355;', '&#x163;', 'Lowercase t-cedilla', 0, 0, NULL),
(12729, 'ť', NULL, '&#357;', NULL, 't-apostrophe', 0, 0, NULL),
(12730, 'Ů', NULL, '&#366;', NULL, 'Capital U-ring', 0, 0, NULL),
(12731, 'ů', NULL, '&#367;', NULL, 'Lowercase u-ring', 0, 0, NULL),
(12732, 'Ź', NULL, '&#377;', NULL, 'Capital Z-acute', 0, 0, NULL),
(12733, 'ź', NULL, '&#378;', NULL, 'Lowercase z-acute', 0, 0, NULL),
(12734, 'Ż', NULL, '&#379;', NULL, 'Capital Z-dot', 0, 0, NULL),
(12735, 'ż', NULL, '&#380;', NULL, 'Lowercase z-dot', 0, 0, NULL),
(12736, 'Ž', NULL, '&#381;', NULL, 'Capital Z-hachek', 0, 0, NULL),
(12737, 'ž', NULL, '&#382;', NULL, 'Lowercase z-hachek', 0, 0, NULL),
(12738, 'ƒ', NULL, '&#131;', '&#x83;', 'Function Sign', 0, 0, NULL),
(12739, 'Ș', NULL, NULL, '&#x218;', 'Capital S-comma', 0, 0, NULL),
(12740, 'ș', NULL, NULL, '&#x219;', 'Lowercase s-comma', 0, 0, NULL),
(12741, 'Ț', NULL, NULL, '&#x21A;', 'Capital T-comma', 0, 0, NULL),
(12742, 'ț', NULL, NULL, '&#x21B;', 'Lowercase t-comma', 0, 0, NULL),
(12743, 'ˆ', NULL, '&#136;', '&#x88;', 'Hachek', 0, 0, NULL),
(12744, '˘', NULL, '&#728;', '&#x2D8;', 'Breve', 0, 0, NULL),
(12745, '˙', NULL, '&#729;', '&#x2D9;', 'Dot', 0, 0, NULL),
(12746, '˚', NULL, '&#730;', '&#x2DA;', 'Ring', 0, 0, NULL),
(12747, '˛', NULL, '&#731;', '&#x2DB;', 'Ring', 0, 0, NULL),
(12748, '˜', NULL, '&#732;', '&#x2DC;', 'Small Tilde', 0, 0, NULL),
(12749, '˝', NULL, '&#733;', '&#x2DD;', 'Double Accent', 0, 0, NULL),
(12750, 'Α', '&Alpha;', '&#913;', '&#x391;', 'Capital Alpha', 0, 0, NULL),
(12751, 'α', '&alpha;', '&#945;', '&#x3B1;', 'Lowercase Alpha', 0, 0, NULL),
(12752, 'Β', '&Beta;', '&#914;', '&#x392;', 'Capital Beta', 0, 0, NULL),
(12753, 'β', '&beta;', '&#946;', '&#x3B2;', 'Lowercase Beta', 0, 0, NULL),
(12754, 'Γ', '&Gamma;', '&#915;', '&#x393;', 'Capital Gamma', 0, 0, NULL),
(12755, 'γ', '&gamma;', '&#947;', '&#x3B3;', 'Lowercase Gamma', 0, 0, NULL),
(12756, 'Δ', '&Delta;', '&#916;', '&#x394;', 'Capital Delta', 0, 0, NULL),
(12757, 'δ', '&delta;', '&#948;', '&#x3B4;', 'Lowercase Delta', 0, 0, NULL),
(12758, 'Ε', '&Epsilon;', '&#917;', '&#x395;', 'Capital Epsilon', 0, 0, NULL),
(12759, 'ε', '&epsilon;', '&#949;', '&#x3B5;', 'Lowercase Epsilon', 0, 0, NULL),
(12760, 'Ζ', '&Zeta;', '&#918;', '&#x396;', 'Capital Zeta', 0, 0, NULL),
(12761, 'ζ', '&zeta;', '&#950;', '&#x3B6;', 'Lowercase Zeta', 0, 0, NULL),
(12762, 'Η', '&Eta;', '&#919;', '&#x397;', 'Capital Eta', 0, 0, NULL),
(12763, 'η', '&eta;', '&#951;', '&#x3B7;', 'Lowercase Eta', 0, 0, NULL),
(12764, 'Θ', '&Theta;', '&#920;', '&#x398;', 'Capital Theta', 0, 0, NULL),
(12765, 'θ', '&theta;', '&#952;', '&#x3B8;', 'Lowercase Theta', 0, 0, NULL),
(12766, 'Ι', '&Iota;', '&#921;', '&#x399;', 'Capital Iota', 0, 0, NULL),
(12767, 'ι', '&iota;', '&#953;', '&#x3B9;', 'Lowercase Iota', 0, 0, NULL),
(12768, 'Κ', '&Kappa;', '&#922;', '&#x39A;', 'Capital Kappa', 0, 0, NULL),
(12769, 'κ', '&kappa;', '&#954;', '&#x3BA;', 'Lowercase Kappa', 0, 0, NULL),
(12770, 'Λ', '&Lambda;', '&#923;', '&#x39B;', 'Capital Lambda', 0, 0, NULL),
(12771, 'λ', '&lambda;', '&#955;', '&#x3BB;', 'Lowercase Lambda', 0, 0, NULL),
(12772, 'Μ', '&Mu;', '&#924;', '&#x39C;', 'Capital Mu', 0, 0, NULL),
(12773, 'μ', '&mu;', '&#956;', '&#x3BC;', 'Lowercase Mu', 0, 0, NULL),
(12774, 'Ν', '&Nu;', '&#925;', '&#x39D;', 'Capital Nu', 0, 0, NULL),
(12775, 'ν', '&nu;', '&#957;', '&#x3BD;', 'Lowercase Nu', 0, 0, NULL),
(12776, 'Ξ', '&Xi;', '&#926;', '&#x39E;', 'Capital Xi', 0, 0, NULL),
(12777, 'ξ', NULL, '&#958;', '&#x3BE;', 'Lowercase Xi', 0, 0, NULL),
(12778, 'Ο', '&Omicron;', '&#927;', '&#x39F;', 'Capital Omicron', 0, 0, NULL),
(12779, 'ο', '&omicron;', '&#959;', '&#x3BF;', 'Lowercase Omicron', 0, 0, NULL),
(12780, 'Π', '&Pi;', '&#928;', '&#x3A0;', 'Capital Pi', 0, 0, NULL),
(12781, 'π', '&pi;', '&#960;', '&#x3C0;', 'Lowercase Pi', 0, 0, NULL),
(12782, 'Ρ', '&Rho;', '&#929;', '&#x3A1;', 'Capital Rho', 0, 0, NULL),
(12783, 'ρ', '&rho;', '&#961;', '&#x3C1;', 'Lowercase Rho', 0, 0, NULL),
(12784, 'ς', '&sigmaf;', '&#962;', '&#x3C2;', 'Lowercase Final Sigma', 0, 0, NULL),
(12785, 'Σ', '&Sigma;', '&#931;', '&#x3A3;', 'Capital Sigma', 0, 0, NULL),
(12786, 'σ', '&sigma;', '&#963;', '&#x3C3;', 'Lowercase Sigma', 0, 0, NULL),
(12787, 'Τ', '&Tau;', '&#932;', '&#x3A4;', 'Capital Tau', 0, 0, NULL),
(12788, 'τ', '&tau;', '&#964;', '&#x3C4;', 'Lowercase Tau', 0, 0, NULL),
(12789, 'Υ', '&Upsilon;', '&#933;', '&#x3A5;', 'Capital Upsilon', 0, 0, NULL),
(12790, 'υ', '&upsilon;', '&#965;', '&#x3C5;', 'Lowercase Upsilon', 0, 0, NULL),
(12791, 'Φ', '&Phi;', '&#934;', '&#x3A6;', 'Capital Phi', 0, 0, NULL),
(12792, 'φ', '&phi;', '&#966;', '&#x3C6;', 'Lowercase Phi', 0, 0, NULL),
(12793, 'Χ', '&Chi;', '&#935;', '&#x3A7;', 'Capital Chi', 0, 0, NULL),
(12794, 'χ', '&chi;', '&#967;', '&#x3C7;', 'Lowercase Chi', 0, 0, NULL),
(12795, 'Ψ', '&Psi;', '&#936;', '&#x3A8;', 'Capital Psi', 0, 0, NULL),
(12796, 'ψ', '&psi;', '&#968;', '&#x3C8;', 'Lowercase Psi', 0, 0, NULL),
(12797, 'Ω', '&Omega;', '&#937;', '&#x3A9;', 'Capital Omega', 0, 0, NULL),
(12798, 'ω', '&omega;', '&#969;', '&#x3C9;', 'Lowercase Omega', 0, 0, NULL),
(12799, 'А', NULL, '&#1040;', '&#x410;', NULL, 0, 0, NULL),
(12800, 'а', NULL, '&#1072;', '&#x430;', NULL, 0, 0, NULL),
(12801, 'Б', NULL, '&#1041;', '&#x411;', NULL, 0, 0, NULL),
(12802, 'б', NULL, '&#1073;', '&#x431;', NULL, 0, 0, NULL),
(12803, 'В', NULL, '&#1042;', '&#x412;', NULL, 0, 0, NULL),
(12804, 'в', NULL, '&#1074;', '&#x432;', NULL, 0, 0, NULL),
(12805, 'Г', NULL, '&#1043;', '&#x413;', NULL, 0, 0, NULL),
(12806, 'г', NULL, '&#1075;', '&#x433;', NULL, 0, 0, NULL),
(12807, 'Д', NULL, '&#1044;', '&#x414;', NULL, 0, 0, NULL),
(12808, 'д', NULL, '&#1076;', '&#x434;', NULL, 0, 0, NULL),
(12809, 'Е', NULL, '&#1045;', '&#x415;', NULL, 0, 0, NULL),
(12810, 'е', NULL, '&#1077;', '&#x435;', NULL, 0, 0, NULL),
(12811, 'Ж', NULL, '&#1046;', '&#x416;', NULL, 0, 0, NULL),
(12812, 'ж', NULL, '&#1078;', '&#x436;', NULL, 0, 0, NULL),
(12813, 'З', NULL, '&#1047;', '&#x417;', NULL, 0, 0, NULL),
(12814, 'з', NULL, '&#1079;', '&#x437;', NULL, 0, 0, NULL),
(12815, 'И', NULL, '&#1048;', '&#x418;', NULL, 0, 0, NULL),
(12816, 'и', NULL, '&#1080;', '&#x438;', NULL, 0, 0, NULL),
(12817, 'Й', NULL, '&#1049;', '&#x419;', NULL, 0, 0, NULL),
(12818, 'й', NULL, '&#1081;', '&#x439;', NULL, 0, 0, NULL),
(12819, 'К', NULL, '&#1050;', '&#x41A;', NULL, 0, 0, NULL),
(12820, 'к', NULL, '&#1082;', '&#x43A;', NULL, 0, 0, NULL),
(12821, 'Л', NULL, '&#1051;', '&#x41B;', NULL, 0, 0, NULL),
(12822, 'л', NULL, '&#1083;', '&#x43B;', NULL, 0, 0, NULL),
(12823, 'М', NULL, '&#1052;', '&#x41C;', NULL, 0, 0, NULL),
(12824, 'м', NULL, '&#1084;', '&#x43C;', NULL, 0, 0, NULL),
(12825, 'Н', NULL, '&#1053;', '&#x41D;', NULL, 0, 0, NULL),
(12826, 'н', NULL, '&#1085;', '&#x43D;', NULL, 0, 0, NULL),
(12827, 'О', NULL, '&#1054;', '&#x41E;', NULL, 0, 0, NULL),
(12828, 'о', NULL, '&#1086;', '&#x43E;', NULL, 0, 0, NULL),
(12829, 'П', NULL, '&#1055;', '&#x41F;', NULL, 0, 0, NULL),
(12830, 'п', NULL, '&#1087;', '&#x43F;', NULL, 0, 0, NULL),
(12831, 'Р', NULL, '&#1056;', '&#x420;', NULL, 0, 0, NULL),
(12832, 'р', NULL, '&#1088;', '&#x440;', NULL, 0, 0, NULL),
(12833, 'С', NULL, '&#1057;', '&#x421;', NULL, 0, 0, NULL),
(12834, 'с', NULL, '&#1089;', '&#x441;', NULL, 0, 0, NULL),
(12835, 'Т', NULL, '&#1058;', '&#x422;', NULL, 0, 0, NULL),
(12836, 'т', NULL, '&#1090;', '&#x442;', NULL, 0, 0, NULL),
(12837, 'У', NULL, '&#1059;', '&#x423;', NULL, 0, 0, NULL),
(12838, 'у', NULL, '&#1091;', '&#x443;', NULL, 0, 0, NULL),
(12839, 'Ф', NULL, '&#1060;', '&#x424;', NULL, 0, 0, NULL),
(12840, 'ф', NULL, '&#1092;', '&#x444;', NULL, 0, 0, NULL),
(12841, 'Х', NULL, '&#1061;', '&#x425;', NULL, 0, 0, NULL),
(12842, 'х', NULL, '&#1093;', '&#x445;', NULL, 0, 0, NULL),
(12843, 'Ц', NULL, '&#1062;', '&#x426;', NULL, 0, 0, NULL),
(12844, 'ц', NULL, '&#1094;', '&#x446;', NULL, 0, 0, NULL),
(12845, 'Ч', NULL, '&#1063;', '&#x427;', NULL, 0, 0, NULL),
(12846, 'ч', NULL, '&#1095;', '&#x447;', NULL, 0, 0, NULL),
(12847, 'Ш', NULL, '&#1064;', '&#x428;', NULL, 0, 0, NULL),
(12848, 'ш', NULL, '&#1096;', '&#x448;', NULL, 0, 0, NULL),
(12849, 'Щ', NULL, '&#1065;', '&#x429;', NULL, 0, 0, NULL),
(12850, 'щ', NULL, '&#1097;', '&#x449;', NULL, 0, 0, NULL),
(12851, 'Ъ', NULL, '&#1066;', '&#x42A;', NULL, 0, 0, NULL),
(12852, 'ъ', NULL, '&#1098;', '&#x44A;', NULL, 0, 0, NULL),
(12853, 'Ы', NULL, '&#1067;', '&#x42B;', NULL, 0, 0, NULL),
(12854, 'ы', NULL, '&#1099;', '&#x44B;', NULL, 0, 0, NULL),
(12855, 'Ь', NULL, '&#1068;', '&#x42C;', NULL, 0, 0, NULL),
(12856, 'ь', NULL, '&#1100;', '&#x44C;', NULL, 0, 0, NULL),
(12857, 'Э', NULL, '&#1069;', '&#x42D;', NULL, 0, 0, NULL),
(12858, 'э', NULL, '&#1101;', '&#x44D;', NULL, 0, 0, NULL),
(12859, 'Ю', NULL, '&#1070;', '&#x42E;', NULL, 0, 0, NULL),
(12860, 'ю', NULL, '&#1102;', '&#x44E;', NULL, 0, 0, NULL),
(12861, 'Я', NULL, '&#1071;', '&#x42F;', NULL, 0, 0, NULL),
(12862, 'я', NULL, '&#1103;', '&#x44F;', NULL, 0, 0, NULL),
(12863, '–', '&ndash;', '&#150;', '&#x96;', 'En Dash', 0, 0, NULL),
(12864, '—', '&mdash;', '&#151;', '&#x97;', 'Em Dash', 0, 0, NULL),
(12865, '―', NULL, '&#8213;', '&#x2015;', 'Horizontal Bar', 0, 0, NULL),
(12866, '‘', '&lsquo;', '&#145;', '&#x91;', 'Left Single Quote', 0, 0, NULL),
(12867, '’', '&rsquo;', '&#146;', '&#x92;', 'Right Single Quote', 0, 0, NULL),
(12868, '‚', '&sbquo;', '&#130;', '&#x82;', 'Single Low Quote', 0, 0, NULL),
(12869, '“', '&ldquo;', '&#147;', '&#x93;', 'Left Double Quote', 0, 0, NULL),
(12870, '”', '&rdquo;', '&#148;', '&#x94;', 'Right Double Quote', 0, 0, NULL),
(12871, '„', '&bdquo;', '&#132;', '&#x84;', 'Double Low Quote', 0, 0, NULL),
(12872, '†', '&dagger;', '&#134;', '&#x86;', 'Dagger', 0, 0, NULL),
(12873, '‡', '&Dagger;', '&#135;', '&#x87;', 'Double Dagger', 0, 0, NULL),
(12874, '•', NULL, '&#149;', '&#x95;', 'Small Bullet', 0, 0, NULL),
(12875, '‣', NULL, '&#8227;', '&#x2023;', 'Triangle Bullet', 0, 0, NULL),
(12876, '…', NULL, '&#133;', '&#x85;', 'Elipsis', 0, 0, NULL),
(12877, '‰', NULL, '&#137;', '&#x2030;', 'Per Mille Sign (per thousand)', 0, 0, NULL),
(12878, '‹', '&lsaquo;', '&#139;', '&#x8B;', 'Left Single Angle Quote', 0, 0, NULL),
(12879, '›', '&rsaquo;', '&#155;', '&#x9B;', 'Right Single Angle Quote', 0, 0, NULL),
(12880, '‼', NULL, '&#8252;', '&#x203C;', 'Double Exclamation Point', 0, 0, NULL),
(12881, '‾', '&oline;', '&#8254;', '&#x203E;', 'Overline', 0, 0, NULL),
(12882, '⁄', NULL, '&#8260;', '&#x2044;', 'Fraction Slash', 0, 0, NULL),
(12883, 'ⁿ', NULL, '&#8319;', '&#x207F;', 'Superscript N', 0, 0, NULL),
(12884, '₣', NULL, '&#8355;', '&#x20A3;', 'Franc Franc Sign', 0, 0, NULL),
(12885, '₤', NULL, '&#8356;', '&#x20A4;', 'Lira Symbol', 0, 0, NULL),
(12886, '₧', NULL, '&#8359;', '&#x20A7;', 'Peseta Peseta Sign', 0, 0, NULL),
(12887, '€', '&euro;', '&#128;', '&#x80;', 'Euro Symbol', 0, 0, NULL),
(12888, '℅', NULL, '&#8453;', '&#x2105;', 'Care Of', 0, 0, NULL),
(12889, '№', NULL, '&#8470;', '&#x2116;', 'Number Word', 0, 0, NULL),
(12890, '™', '&trade;', '&#153;', '&#x99;', 'Trademark', 0, 0, NULL),
(12891, '⅛', NULL, '&#8539;', '&#x215B;', 'One Eighth Fraction', 0, 0, NULL),
(12892, '⅜', NULL, '&#8540;', '&#x215C;', 'Three Eighths Fraction', 0, 0, NULL),
(12893, '⅝', NULL, '&#8541;', '&#x215D;', 'Five Eighths Fraction', 0, 0, NULL),
(12894, '⅞', NULL, '&#8542;', '&#x215E;', 'Seven Eighths Fraction', 0, 0, NULL),
(12895, '←', '&larr;', '&#8592;', '&#x2190;', 'Left arrow', 0, 0, NULL),
(12896, '↑', '&uarr;', '&#8593;', '&#x2191;', 'Up arrow', 0, 0, NULL),
(12897, '→', '&rarr;', '&#8594;', '&#x2192;', 'Right arrow', 0, 0, NULL),
(12898, '↓', '&darr;', '&#8595;', '&#x2193;', 'Down arrow', 0, 0, NULL),
(12899, '∂', NULL, '&#8706;', '&#x2202;', 'Partial Differential Sign', 0, 0, NULL),
(12900, '∆', NULL, '&#8710;', '&#x2206;', 'Increment Sign', 0, 0, NULL),
(12901, '∏', NULL, '&#8719;', '&#x220F;', 'N-ary Product Sign', 0, 0, NULL),
(12902, '∑', NULL, '&#8721;', '&#x2211;', 'N-ary Sum Sign', 0, 0, NULL),
(12903, '−', NULL, '&#8722;', '&#x2212;', 'Minus Sign', 0, 0, NULL),
(12904, '∙', NULL, '&#8729;', '&#x2219;', 'Bullet Operator', 0, 0, NULL),
(12905, '√', NULL, '&#8730;', '&#x221A;', 'Square Root Sign', 0, 0, NULL),
(12906, '∞', NULL, '&#8734;', '&#x221E;', 'Infinity Sign', 0, 0, NULL),
(12907, '∟', NULL, '&#8735;', '&#x221F;', 'Right Angle Sign', 0, 0, NULL),
(12908, '∩', NULL, '&#8745;', '&#x2229;', 'Intersection Sign', 0, 0, NULL),
(12909, '∫', NULL, '&#8747;', '&#x222B;', 'Integral Sign', 0, 0, NULL),
(12910, '≈', NULL, '&#8776;', '&#x2248;', 'Approximately Equal Sign', 0, 0, NULL),
(12911, '≠', NULL, '&#8800;', '&#x2260;', 'Not Equal To Sign', 0, 0, NULL),
(12912, '≡', NULL, '&#8801;', '&#x2261;', 'Identical To Sign', 0, 0, NULL),
(12913, '≤', NULL, '&#8804;', '&#x2264;', 'Less Than or Equal To Sign', 0, 0, NULL),
(12914, '≥', NULL, '&#8805;', '&#x2265;', 'Greater Than or Equal To Sign', 0, 0, NULL),
(12915, '♀', NULL, '&#9792;', '&#x2640;', 'Female Indicator', 0, 0, NULL),
(12916, '♂', NULL, '&#9794;', '&#x2642;', 'Male Indicator', 0, 0, NULL),
(12917, '♠', '&spades;', '&#9824;', '&#x2660;', 'Spade card suit', 0, 0, NULL),
(12918, '♣', '&clubs;', '&#9827;', '&#x2663;', 'Clubs card suit', 0, 0, NULL),
(12919, '♥', '&hearts;', '&#9829;', '&#x2665;', 'Hearts card suit', 0, 0, NULL),
(12920, '♦', '&diams;', '&#9830;', '&#x2666;', 'Diamonds card suit', 0, 0, NULL),
(12921, '♩', NULL, '&#9833;', '&#x2669;', 'Quarter Note', 0, 0, NULL),
(12922, '♪', NULL, '&#9834;', '&#x266A;', 'Eighth Note', 0, 0, NULL),
(12923, '♬', NULL, '&#9836;', '&#x266C;', 'Two Eighth Notes', 0, 0, NULL),
(12924, '♭', NULL, '&#9837;', '&#x266D;', 'Flat', 0, 0, NULL),
(12925, '♯', NULL, '&#9839;', '&#x266F;', 'Sharp', 0, 0, NULL),
(12926, 'Ά', '&Aacgr;', NULL, '&#x0386;', NULL, 0, 0, 'bizzare'),
(12927, 'Ā', '&Amacr;', NULL, '&#x0100;', NULL, 0, 0, 'bizzare'),
(12928, 'Å', '&Aring;', NULL, '&#x00C5;', NULL, 0, 0, 'bizzare'),
(12929, 'Ã', '&Atilde;', NULL, '&#x00C3;', NULL, 0, 0, 'bizzare'),
(12930, '⌆', '&Barwed;', NULL, '&#x2306;', NULL, 0, 0, 'bizzare'),
(12931, '⋒', '&Cap;', NULL, '&#x22D2;', NULL, 0, 0, 'bizzare'),
(12932, 'Ĉ', '&Ccirc;', NULL, '&#x0108;', NULL, 0, 0, 'bizzare'),
(12933, 'Ċ', '&Cdot;', NULL, '&#x010A;', NULL, 0, 0, 'bizzare'),
(12934, '⋓', '&Cup;', NULL, '&#x22D3;', NULL, 0, 0, 'bizzare'),
(12935, 'Ђ', '&DJcy;', NULL, '&#x0402;', NULL, 0, 0, 'bizzare'),
(12936, 'Ѕ', '&DScy;', NULL, '&#x0405;', NULL, 0, 0, 'bizzare'),
(12937, 'Џ', '&DZcy;', NULL, '&#x040F;', NULL, 0, 0, 'bizzare'),
(12938, 'Ď', '&Dcaron;', NULL, '&#x010E;', NULL, 0, 0, 'bizzare'),
(12939, '⃜', '&DotDot;', NULL, '&#x20DC;', NULL, 0, 0, 'bizzare'),
(12940, 'Đ', '&Dstrok;', NULL, '&#x0110;', NULL, 0, 0, 'bizzare'),
(12941, 'Ή', '&EEacgr;', NULL, '&#x0389;', NULL, 0, 0, 'bizzare'),
(12942, 'Ŋ', '&ENG;', NULL, '&#x014A;', NULL, 0, 0, 'bizzare'),
(12943, 'Ð', '&ETH;', NULL, '&#x00D0;', NULL, 0, 0, 'bizzare'),
(12944, 'Έ', '&Eacgr;', NULL, '&#x0388;', NULL, 0, 0, 'bizzare'),
(12945, 'Ė', '&Edot;', NULL, '&#x0116;', NULL, 0, 0, 'bizzare'),
(12946, 'Ē', '&Emacr;', NULL, '&#x0112;', NULL, 0, 0, 'bizzare'),
(12947, 'Ѓ', '&GJcy;', NULL, '&#x0403;', NULL, 0, 0, 'bizzare'),
(12948, 'Ģ', '&Gcedil;', NULL, '&#x0122;', NULL, 0, 0, 'bizzare'),
(12949, 'Ĝ', '&Gcirc;', NULL, '&#x011C;', NULL, 0, 0, 'bizzare'),
(12950, 'Ġ', '&Gdot;', NULL, '&#x0120;', NULL, 0, 0, 'bizzare'),
(12951, '⋙', '&Gg;', NULL, '&#x22D9;', NULL, 0, 0, 'bizzare'),
(12952, '≫', '&Gt;', NULL, '&#x226B;', NULL, 0, 0, 'bizzare'),
(12953, 'Ĥ', '&Hcirc;', NULL, '&#x0124;', NULL, 0, 0, 'bizzare'),
(12954, 'Ħ', '&Hstrok;', NULL, '&#x0126;', NULL, 0, 0, 'bizzare'),
(12955, 'Ĳ', '&IJlig;', NULL, '&#x0132;', NULL, 0, 0, 'bizzare'),
(12956, 'Ё', '&IOcy;', NULL, '&#x0401;', NULL, 0, 0, 'bizzare'),
(12957, 'Ί', '&Iacgr;', NULL, '&#x038A;', NULL, 0, 0, 'bizzare'),
(12958, 'Ϊ', '&Idigr;', NULL, '&#x03AA;', NULL, 0, 0, 'bizzare'),
(12959, 'İ', '&Idot;', NULL, '&#x0130;', NULL, 0, 0, 'bizzare'),
(12960, 'Ī', '&Imacr;', NULL, '&#x012A;', NULL, 0, 0, 'bizzare'),
(12961, 'Į', '&Iogon;', NULL, '&#x012E;', NULL, 0, 0, 'bizzare'),
(12962, 'Ĩ', '&Itilde;', NULL, '&#x0128;', NULL, 0, 0, 'bizzare'),
(12963, 'І', '&Iukcy;', NULL, '&#x0406;', NULL, 0, 0, 'bizzare'),
(12964, 'Ĵ', '&Jcirc;', NULL, '&#x0134;', NULL, 0, 0, 'bizzare'),
(12965, 'Ј', '&Jsercy;', NULL, '&#x0408;', NULL, 0, 0, 'bizzare'),
(12966, 'Є', '&Jukcy;', NULL, '&#x0404;', NULL, 0, 0, 'bizzare'),
(12967, 'Ќ', '&KJcy;', NULL, '&#x040C;', NULL, 0, 0, 'bizzare'),
(12968, 'Ķ', '&Kcedil;', NULL, '&#x0136;', NULL, 0, 0, 'bizzare'),
(12969, 'Љ', '&LJcy;', NULL, '&#x0409;', NULL, 0, 0, 'bizzare'),
(12970, '↞', '&Larr;', NULL, '&#x219E;', NULL, 0, 0, 'bizzare'),
(12971, 'Ľ', '&Lcaron;', NULL, '&#x013D;', NULL, 0, 0, 'bizzare'),
(12972, 'Ļ', '&Lcedil;', NULL, '&#x013B;', NULL, 0, 0, 'bizzare'),
(12973, '⋘', '&Ll;', NULL, '&#x22D8;', NULL, 0, 0, 'bizzare'),
(12974, 'Ŀ', '&Lmidot;', NULL, '&#x013F;', NULL, 0, 0, 'bizzare'),
(12975, '≪', '&Lt;', NULL, '&#x226A;', NULL, 0, 0, 'bizzare'),
(12976, 'Њ', '&NJcy;', NULL, '&#x040A;', NULL, 0, 0, 'bizzare'),
(12977, 'Ņ', '&Ncedil;', NULL, '&#x0145;', NULL, 0, 0, 'bizzare'),
(12978, 'Ώ', '&OHacgr;', NULL, '&#x038F;', NULL, 0, 0, 'bizzare'),
(12979, 'Ό', '&Oacgr;', NULL, '&#x038C;', NULL, 0, 0, 'bizzare'),
(12980, 'Ő', '&Odblac;', NULL, '&#x0150;', NULL, 0, 0, 'bizzare'),
(12981, 'Ō', '&Omacr;', NULL, '&#x014C;', NULL, 0, 0, 'bizzare'),
(12982, 'Ø', '&Oslash;', NULL, '&#x00D8;', NULL, 0, 0, 'bizzare'),
(12983, 'Õ', '&Otilde;', NULL, '&#x00D5;', NULL, 0, 0, 'bizzare'),
(12984, '″', '&Prime;', NULL, '&#x2033;', NULL, 0, 0, 'bizzare'),
(12985, '↠', '&Rarr;', NULL, '&#x21A0;', NULL, 0, 0, 'bizzare'),
(12986, 'Ŗ', '&Rcedil;', NULL, '&#x0156;', NULL, 0, 0, 'bizzare'),
(12987, 'Ŝ', '&Scirc;', NULL, '&#x015C;', NULL, 0, 0, 'bizzare'),
(12988, '⋐', '&Sub;', NULL, '&#x22D0;', NULL, 0, 0, 'bizzare'),
(12989, '⋑', '&Sup;', NULL, '&#x22D1;', NULL, 0, 0, 'bizzare'),
(12990, 'Þ', '&THORN;', NULL, '&#x00DE;', NULL, 0, 0, 'bizzare'),
(12991, 'Ћ', '&TSHcy;', NULL, '&#x040B;', NULL, 0, 0, 'bizzare'),
(12992, 'Ť', '&Tcaron;', NULL, '&#x0164;', NULL, 0, 0, 'bizzare'),
(12993, 'Ŧ', '&Tstrok;', NULL, '&#x0166;', NULL, 0, 0, 'bizzare'),
(12994, 'Ύ', '&Uacgr;', NULL, '&#x038E;', NULL, 0, 0, 'bizzare'),
(12995, 'Ў', '&Ubrcy;', NULL, '&#x040E;', NULL, 0, 0, 'bizzare'),
(12996, 'Ŭ', '&Ubreve;', NULL, '&#x016C;', NULL, 0, 0, 'bizzare'),
(12997, 'Ű', '&Udblac;', NULL, '&#x0170;', NULL, 0, 0, 'bizzare'),
(12998, 'Ϋ', '&Udigr;', NULL, '&#x03AB;', NULL, 0, 0, 'bizzare'),
(12999, 'Ū', '&Umacr;', NULL, '&#x016A;', NULL, 0, 0, 'bizzare'),
(13000, 'Ų', '&Uogon;', NULL, '&#x0172;', NULL, 0, 0, 'bizzare'),
(13001, 'Ũ', '&Utilde;', NULL, '&#x0168;', NULL, 0, 0, 'bizzare'),
(13002, '⊩', '&Vdash;', NULL, '&#x22A9;', NULL, 0, 0, 'bizzare'),
(13003, '‖', '&Verbar;', NULL, '&#x2016;', NULL, 0, 0, 'bizzare'),
(13004, '⊪', '&Vvdash;', NULL, '&#x22AA;', NULL, 0, 0, 'bizzare'),
(13005, 'Ŵ', '&Wcirc;', NULL, '&#x0174;', NULL, 0, 0, 'bizzare'),
(13006, 'Ї', '&YIcy;', NULL, '&#x0407;', NULL, 0, 0, 'bizzare'),
(13007, 'Ŷ', '&Ycirc;', NULL, '&#x0176;', NULL, 0, 0, 'bizzare'),
(13008, 'Ÿ', '&Yuml;', NULL, '&#x0178;', NULL, 0, 0, 'bizzare'),
(13009, 'ά', '&aacgr;', NULL, '&#x03AC;', NULL, 0, 0, 'bizzare'),
(13010, 'ℵ', '&alefsym;', NULL, '&#x2135;', NULL, 0, 0, 'bizzare'),
(13011, 'ā', '&amacr;', NULL, '&#x0101;', NULL, 0, 0, 'bizzare'),
(13012, '∐', '&amalg;', NULL, '&#x2210;', NULL, 0, 0, 'bizzare'),
(13013, '∧', '&and;', NULL, '&#x2227;', NULL, 0, 0, 'bizzare'),
(13014, '∠', '&ang;', NULL, '&#x2220;', NULL, 0, 0, 'bizzare'),
(13015, '∡', '&angmsd;', NULL, '&#x2221;', NULL, 0, 0, 'bizzare'),
(13016, '∢', '&angsph;', NULL, '&#x2222;', NULL, 0, 0, 'bizzare'),
(13017, 'Å', '&angst;', NULL, '&#x212B;', NULL, 0, 0, 'bizzare'),
(13018, '≊', '&ape;', NULL, '&#x224A;', NULL, 0, 0, 'bizzare'),
(13019, 'ʼ', '&apos;', NULL, '&#x02BC;', NULL, 0, 0, 'bizzare'),
(13020, 'å', '&aring;', NULL, '&#x00E5;', NULL, 0, 0, 'bizzare'),
(13021, 'ã', '&atilde;', NULL, '&#x00E3;', NULL, 0, 0, 'bizzare'),
(13022, 'Ϝ', '&b.gammad;', NULL, '&#x03DC;', NULL, 0, 0, 'bizzare'),
(13023, 'ϰ', '&b.kappav;', NULL, '&#x03F0;', NULL, 0, 0, 'bizzare'),
(13024, 'ώ', '&b.omega;', NULL, '&#x03CE;', NULL, 0, 0, 'bizzare'),
(13025, 'ϕ', '&b.phiv;', NULL, '&#x03D5;', NULL, 0, 0, 'bizzare'),
(13026, 'ϖ', '&b.piv;', NULL, '&#x03D6;', NULL, 0, 0, 'bizzare'),
(13027, 'ϱ', '&b.rhov;', NULL, '&#x03F1;', NULL, 0, 0, 'bizzare'),
(13028, 'ϑ', '&b.thetav;', NULL, '&#x03D1;', NULL, 0, 0, 'bizzare'),
(13029, '⊼', '&barwed;', NULL, '&#x22BC;', NULL, 0, 0, 'bizzare'),
(13030, '≌', '&bcong;', NULL, '&#x224C;', NULL, 0, 0, 'bizzare'),
(13031, '∵', '&becaus;', NULL, '&#x2235;', NULL, 0, 0, 'bizzare'),
(13032, '∍', '&bepsi;', NULL, '&#x220D;', NULL, 0, 0, 'bizzare'),
(13033, 'ℬ', '&bernou;', NULL, '&#x212C;', NULL, 0, 0, 'bizzare'),
(13034, 'ℶ', '&beth;', NULL, '&#x2136;', NULL, 0, 0, 'bizzare'),
(13035, '␣', '&blank;', NULL, '&#x2423;', NULL, 0, 0, 'bizzare'),
(13036, '▒', '&blk12;', NULL, '&#x2592;', NULL, 0, 0, 'bizzare'),
(13037, '░', '&blk14;', NULL, '&#x2591;', NULL, 0, 0, 'bizzare'),
(13038, '▓', '&blk34;', NULL, '&#x2593;', NULL, 0, 0, 'bizzare'),
(13039, '█', '&block;', NULL, '&#x2588;', NULL, 0, 0, 'bizzare'),
(13040, '⊥', '&bottom;', NULL, '&#x22A5;', NULL, 0, 0, 'bizzare'),
(13041, '⋈', '&bowtie;', NULL, '&#x22C8;', NULL, 0, 0, 'bizzare'),
(13042, '╗', '&boxDL;', NULL, '&#x2557;', NULL, 0, 0, 'bizzare'),
(13043, '╔', '&boxDR;', NULL, '&#x2554;', NULL, 0, 0, 'bizzare'),
(13044, '╖', '&boxDl;', NULL, '&#x2556;', NULL, 0, 0, 'bizzare'),
(13045, '╓', '&boxDr;', NULL, '&#x2553;', NULL, 0, 0, 'bizzare'),
(13046, '═', '&boxH;', NULL, '&#x2550;', NULL, 0, 0, 'bizzare'),
(13047, '╦', '&boxHD;', NULL, '&#x2566;', NULL, 0, 0, 'bizzare'),
(13048, '╩', '&boxHU;', NULL, '&#x2569;', NULL, 0, 0, 'bizzare'),
(13049, '╤', '&boxHd;', NULL, '&#x2564;', NULL, 0, 0, 'bizzare'),
(13050, '╧', '&boxHu;', NULL, '&#x2567;', NULL, 0, 0, 'bizzare'),
(13051, '╝', '&boxUL;', NULL, '&#x255D;', NULL, 0, 0, 'bizzare'),
(13052, '╚', '&boxUR;', NULL, '&#x255A;', NULL, 0, 0, 'bizzare'),
(13053, '╜', '&boxUl;', NULL, '&#x255C;', NULL, 0, 0, 'bizzare'),
(13054, '╙', '&boxUr;', NULL, '&#x2559;', NULL, 0, 0, 'bizzare'),
(13055, '║', '&boxV;', NULL, '&#x2551;', NULL, 0, 0, 'bizzare'),
(13056, '╬', '&boxVH;', NULL, '&#x256C;', NULL, 0, 0, 'bizzare'),
(13057, '╣', '&boxVL;', NULL, '&#x2563;', NULL, 0, 0, 'bizzare'),
(13058, '╠', '&boxVR;', NULL, '&#x2560;', NULL, 0, 0, 'bizzare'),
(13059, '╫', '&boxVh;', NULL, '&#x256B;', NULL, 0, 0, 'bizzare'),
(13060, '╢', '&boxVl;', NULL, '&#x2562;', NULL, 0, 0, 'bizzare'),
(13061, '╟', '&boxVr;', NULL, '&#x255F;', NULL, 0, 0, 'bizzare'),
(13062, '╕', '&boxdL;', NULL, '&#x2555;', NULL, 0, 0, 'bizzare'),
(13063, '╒', '&boxdR;', NULL, '&#x2552;', NULL, 0, 0, 'bizzare'),
(13064, '┐', '&boxdl;', NULL, '&#x2510;', NULL, 0, 0, 'bizzare'),
(13065, '┌', '&boxdr;', NULL, '&#x250C;', NULL, 0, 0, 'bizzare'),
(13066, '─', '&boxh;', NULL, '&#x2500;', NULL, 0, 0, 'bizzare'),
(13067, '╥', '&boxhD;', NULL, '&#x2565;', NULL, 0, 0, 'bizzare'),
(13068, '╨', '&boxhU;', NULL, '&#x2568;', NULL, 0, 0, 'bizzare'),
(13069, '┬', '&boxhd;', NULL, '&#x252C;', NULL, 0, 0, 'bizzare'),
(13070, '┴', '&boxhu;', NULL, '&#x2534;', NULL, 0, 0, 'bizzare'),
(13071, '╛', '&boxuL;', NULL, '&#x255B;', NULL, 0, 0, 'bizzare'),
(13072, '╘', '&boxuR;', NULL, '&#x2558;', NULL, 0, 0, 'bizzare'),
(13073, '┘', '&boxul;', NULL, '&#x2518;', NULL, 0, 0, 'bizzare'),
(13074, '└', '&boxur;', NULL, '&#x2514;', NULL, 0, 0, 'bizzare'),
(13075, '│', '&boxv;', NULL, '&#x2502;', NULL, 0, 0, 'bizzare'),
(13076, '╪', '&boxvH;', NULL, '&#x256A;', NULL, 0, 0, 'bizzare'),
(13077, '╡', '&boxvL;', NULL, '&#x2561;', NULL, 0, 0, 'bizzare'),
(13078, '╞', '&boxvR;', NULL, '&#x255E;', NULL, 0, 0, 'bizzare'),
(13079, '┼', '&boxvh;', NULL, '&#x253C;', NULL, 0, 0, 'bizzare'),
(13080, '┤', '&boxvl;', NULL, '&#x2524;', NULL, 0, 0, 'bizzare'),
(13081, '├', '&boxvr;', NULL, '&#x251C;', NULL, 0, 0, 'bizzare'),
(13082, '‵', '&bprime;', NULL, '&#x2035;', NULL, 0, 0, 'bizzare'),
(13083, '∽', '&bsim;', NULL, '&#x223D;', NULL, 0, 0, 'bizzare'),
(13084, '⋍', '&bsime;', NULL, '&#x22CD;', NULL, 0, 0, 'bizzare'),
(13085, '≎', '&bump;', NULL, '&#x224E;', NULL, 0, 0, 'bizzare'),
(13086, '≏', '&bumpe;', NULL, '&#x224F;', NULL, 0, 0, 'bizzare'),
(13087, '⁁', '&caret;', NULL, '&#x2041;', NULL, 0, 0, 'bizzare'),
(13088, 'ˇ', '&caron;', NULL, '&#x02C7;', NULL, 0, 0, 'bizzare'),
(13089, 'ĉ', '&ccirc;', NULL, '&#x0109;', NULL, 0, 0, 'bizzare'),
(13090, 'ċ', '&cdot;', NULL, '&#x010B;', NULL, 0, 0, 'bizzare'),
(13091, '✓', '&check;', NULL, '&#x2713;', NULL, 0, 0, 'bizzare'),
(13092, '○', '&cir;', NULL, '&#x25CB;', NULL, 0, 0, 'bizzare'),
(13093, '≗', '&cire;', NULL, '&#x2257;', NULL, 0, 0, 'bizzare'),
(13094, '≔', '&colone;', NULL, '&#x2254;', NULL, 0, 0, 'bizzare'),
(13095, '∁', '&comp;', NULL, '&#x2201;', NULL, 0, 0, 'bizzare'),
(13096, '∘', '&compfn;', NULL, '&#x2218;', NULL, 0, 0, 'bizzare'),
(13097, '≅', '&cong;', NULL, '&#x2245;', NULL, 0, 0, 'bizzare'),
(13098, '∮', '&conint;', NULL, '&#x222E;', NULL, 0, 0, 'bizzare'),
(13099, '℗', '&copysr;', NULL, '&#x2117;', NULL, 0, 0, 'bizzare'),
(13100, '↵', '&crarr;', NULL, '&#x21B5;', NULL, 0, 0, 'bizzare'),
(13101, '✗', '&cross;', NULL, '&#x2717;', NULL, 0, 0, 'bizzare'),
(13102, '⋞', '&cuepr;', NULL, '&#x22DE;', NULL, 0, 0, 'bizzare'),
(13103, '⋟', '&cuesc;', NULL, '&#x22DF;', NULL, 0, 0, 'bizzare'),
(13104, '↶', '&cularr;', NULL, '&#x21B6;', NULL, 0, 0, 'bizzare'),
(13105, '∪', '&cup;', NULL, '&#x222A;', NULL, 0, 0, 'bizzare'),
(13106, '≼', '&cupre;', NULL, '&#x227C;', NULL, 0, 0, 'bizzare'),
(13107, '↷', '&curarr;', NULL, '&#x21B7;', NULL, 0, 0, 'bizzare'),
(13108, '⋎', '&cuvee;', NULL, '&#x22CE;', NULL, 0, 0, 'bizzare'),
(13109, '⋏', '&cuwed;', NULL, '&#x22CF;', NULL, 0, 0, 'bizzare'),
(13110, '⇓', '&dArr;', NULL, '&#x21D3;', NULL, 0, 0, 'bizzare'),
(13111, 'ℸ', '&daleth;', NULL, '&#x2138;', NULL, 0, 0, 'bizzare'),
(13112, '⇊', '&darr2;', NULL, '&#x21CA;', NULL, 0, 0, 'bizzare'),
(13113, '‐', '&dash;', NULL, '&#x2010;', NULL, 0, 0, 'bizzare'),
(13114, '⊣', '&dashv;', NULL, '&#x22A3;', NULL, 0, 0, 'bizzare'),
(13115, '⇃', '&dharl;', NULL, '&#x21C3;', NULL, 0, 0, 'bizzare'),
(13116, '⇂', '&dharr;', NULL, '&#x21C2;', NULL, 0, 0, 'bizzare'),
(13117, '⋄', '&diam;', NULL, '&#x22C4;', NULL, 0, 0, 'bizzare'),
(13118, '⋇', '&divonx;', NULL, '&#x22C7;', NULL, 0, 0, 'bizzare'),
(13119, 'ђ', '&djcy;', NULL, '&#x0452;', NULL, 0, 0, 'bizzare'),
(13120, '↙', '&dlarr;', NULL, '&#x2199;', NULL, 0, 0, 'bizzare'),
(13121, '⌞', '&dlcorn;', NULL, '&#x231E;', NULL, 0, 0, 'bizzare'),
(13122, '⌍', '&dlcrop;', NULL, '&#x230D;', NULL, 0, 0, 'bizzare'),
(13123, '↘', '&drarr;', NULL, '&#x2198;', NULL, 0, 0, 'bizzare'),
(13124, '⌟', '&drcorn;', NULL, '&#x231F;', NULL, 0, 0, 'bizzare'),
(13125, '⌌', '&drcrop;', NULL, '&#x230C;', NULL, 0, 0, 'bizzare'),
(13126, 'ѕ', '&dscy;', NULL, '&#x0455;', NULL, 0, 0, 'bizzare'),
(13127, 'đ', '&dstrok;', NULL, '&#x0111;', NULL, 0, 0, 'bizzare'),
(13128, '▿', '&dtri;', NULL, '&#x25BF;', NULL, 0, 0, 'bizzare'),
(13129, '▾', '&dtrif;', NULL, '&#x25BE;', NULL, 0, 0, 'bizzare'),
(13130, 'џ', '&dzcy;', NULL, '&#x045F;', NULL, 0, 0, 'bizzare'),
(13131, '≑', '&eDot;', NULL, '&#x2251;', NULL, 0, 0, 'bizzare'),
(13132, 'έ', '&eacgr;', NULL, '&#x03AD;', NULL, 0, 0, 'bizzare'),
(13133, '≖', '&ecir;', NULL, '&#x2256;', NULL, 0, 0, 'bizzare'),
(13134, '≕', '&ecolon;', NULL, '&#x2255;', NULL, 0, 0, 'bizzare'),
(13135, 'ė', '&edot;', NULL, '&#x0117;', NULL, 0, 0, 'bizzare'),
(13136, 'ή', '&eeacgr;', NULL, '&#x03AE;', NULL, 0, 0, 'bizzare'),
(13137, '≒', '&efDot;', NULL, '&#x2252;', NULL, 0, 0, 'bizzare'),
(13138, '⋝', '&egs;', NULL, '&#x22DD;', NULL, 0, 0, 'bizzare'),
(13139, 'ℓ', '&ell;', NULL, '&#x2113;', NULL, 0, 0, 'bizzare'),
(13140, '⋜', '&els;', NULL, '&#x22DC;', NULL, 0, 0, 'bizzare'),
(13141, 'ē', '&emacr;', NULL, '&#x0113;', NULL, 0, 0, 'bizzare'),
(13142, '∅', '&empty;', NULL, '&#x2205;', NULL, 0, 0, 'bizzare'),
(13143, ' ', '&emsp;', NULL, '&#x2003;', NULL, 0, 0, 'bizzare'),
(13144, ' ', '&emsp13;', NULL, '&#x2004;', NULL, 0, 0, 'bizzare'),
(13145, ' ', '&emsp14;', NULL, '&#x2005;', NULL, 0, 0, 'bizzare'),
(13146, 'ŋ', '&eng;', NULL, '&#x014B;', NULL, 0, 0, 'bizzare'),
(13147, ' ', '&ensp;', NULL, '&#x2002;', NULL, 0, 0, 'bizzare'),
(13148, '∊', '&epsis;', NULL, '&#x220A;', NULL, 0, 0, 'bizzare'),
(13149, '≓', '&erDot;', NULL, '&#x2253;', NULL, 0, 0, 'bizzare'),
(13150, '≐', '&esdot;', NULL, '&#x2250;', NULL, 0, 0, 'bizzare'),
(13151, 'ð', '&eth;', NULL, '&#x00F0;', NULL, 0, 0, 'bizzare'),
(13152, '∃', '&exist;', NULL, '&#x2203;', NULL, 0, 0, 'bizzare'),
(13153, 'ﬃ', '&ffilig;', NULL, '&#xFB03;', NULL, 0, 0, 'bizzare'),
(13154, 'ﬀ', '&fflig;', NULL, '&#xFB00;', NULL, 0, 0, 'bizzare'),
(13155, 'ﬄ', '&ffllig;', NULL, '&#xFB04;', NULL, 0, 0, 'bizzare'),
(13156, 'ﬁ', '&filig;', NULL, '&#xFB01;', NULL, 0, 0, 'bizzare'),
(13157, 'ﬂ', '&fllig;', NULL, '&#xFB02;', NULL, 0, 0, 'bizzare'),
(13158, '∀', '&forall;', NULL, '&#x2200;', NULL, 0, 0, 'bizzare'),
(13159, '⋔', '&fork;', NULL, '&#x22D4;', NULL, 0, 0, 'bizzare'),
(13160, '⅓', '&frac13;', NULL, '&#x2153;', NULL, 0, 0, 'bizzare'),
(13161, '⅕', '&frac15;', NULL, '&#x2155;', NULL, 0, 0, 'bizzare'),
(13162, '⅙', '&frac16;', NULL, '&#x2159;', NULL, 0, 0, 'bizzare'),
(13163, '⅔', '&frac23;', NULL, '&#x2154;', NULL, 0, 0, 'bizzare'),
(13164, '⅖', '&frac25;', NULL, '&#x2156;', NULL, 0, 0, 'bizzare'),
(13165, '⅗', '&frac35;', NULL, '&#x2157;', NULL, 0, 0, 'bizzare'),
(13166, '⅘', '&frac45;', NULL, '&#x2158;', NULL, 0, 0, 'bizzare'),
(13167, '⅚', '&frac56;', NULL, '&#x215A;', NULL, 0, 0, 'bizzare'),
(13168, '⌢', '&frown;', NULL, '&#x2639;', NULL, 0, 0, 'bizzare'),
(13169, 'ǵ', '&gacute;', NULL, '&#x01F5;', NULL, 0, 0, 'bizzare'),
(13170, 'ģ', '&gcedil;', NULL, '&#x0123;', NULL, 0, 0, 'bizzare'),
(13171, 'ĝ', '&gcirc;', NULL, '&#x011D;', NULL, 0, 0, 'bizzare'),
(13172, 'ġ', '&gdot;', NULL, '&#x0121;', NULL, 0, 0, 'bizzare'),
(13173, '⋛', '&gel;', NULL, '&#x22DB;', NULL, 0, 0, 'bizzare'),
(13174, 'ℷ', '&gimel;', NULL, '&#x2137;', NULL, 0, 0, 'bizzare'),
(13175, 'ѓ', '&gjcy;', NULL, '&#x0453;', NULL, 0, 0, 'bizzare'),
(13176, '≷', '&gl;', NULL, '&#x2277;', NULL, 0, 0, 'bizzare'),
(13177, '≩', '&gnE;', NULL, '&#x2269;', NULL, 0, 0, 'bizzare'),
(13178, '⋧', '&gnsim;', NULL, '&#x22E7;', NULL, 0, 0, 'bizzare'),
(13179, '⋗', '&gsdot;', NULL, '&#x22D7;', NULL, 0, 0, 'bizzare'),
(13180, '≳', '&gsim;', NULL, '&#x2273;', NULL, 0, 0, 'bizzare'),
(13181, '⇔', '&hArr;', NULL, '&#x21D4;', NULL, 0, 0, 'bizzare'),
(13182, ' ', '&hairsp;', NULL, '&#x200A;', NULL, 0, 0, 'bizzare'),
(13183, 'ℋ', '&hamilt;', NULL, '&#x210B;', NULL, 0, 0, 'bizzare'),
(13184, '↔', '&harr;', NULL, '&#x2194;', NULL, 0, 0, 'bizzare'),
(13185, '↭', '&harrw;', NULL, '&#x21AD;', NULL, 0, 0, 'bizzare'),
(13186, 'ĥ', '&hcirc;', NULL, '&#x0125;', NULL, 0, 0, 'bizzare'),
(13187, 'ħ', '&hstrok;', NULL, '&#x0127;', NULL, 0, 0, 'bizzare'),
(13188, '⁃', '&hybull;', NULL, '&#x2043;', NULL, 0, 0, 'bizzare'),
(13189, 'ί', '&iacgr;', NULL, '&#x03AF;', NULL, 0, 0, 'bizzare'),
(13190, 'ΐ', '&idiagr;', NULL, '&#x0390;', NULL, 0, 0, 'bizzare'),
(13191, 'ϊ', '&idigr;', NULL, '&#x03CA;', NULL, 0, 0, 'bizzare'),
(13192, 'ĳ', '&ijlig;', NULL, '&#x0133;', NULL, 0, 0, 'bizzare'),
(13193, 'ī', '&imacr;', NULL, '&#x012B;', NULL, 0, 0, 'bizzare'),
(13194, 'ℑ', '&image;', NULL, '&#x2111;', NULL, 0, 0, 'bizzare'),
(13195, '⊺', '&intcal;', NULL, '&#x22BA;', NULL, 0, 0, 'bizzare'),
(13196, 'ё', '&iocy;', NULL, '&#x0451;', NULL, 0, 0, 'bizzare'),
(13197, 'į', '&iogon;', NULL, '&#x012F;', NULL, 0, 0, 'bizzare'),
(13198, '∈', '&isin;', NULL, '&#x2208;', NULL, 0, 0, 'bizzare'),
(13199, 'ĩ', '&itilde;', NULL, '&#x0129;', NULL, 0, 0, 'bizzare'),
(13200, 'і', '&iukcy;', NULL, '&#x0456;', NULL, 0, 0, 'bizzare'),
(13201, 'ĵ', '&jcirc;', NULL, '&#x0135;', NULL, 0, 0, 'bizzare'),
(13202, 'ј', '&jsercy;', NULL, '&#x0458;', NULL, 0, 0, 'bizzare'),
(13203, 'є', '&jukcy;', NULL, '&#x0454;', NULL, 0, 0, 'bizzare'),
(13204, 'ķ', '&kcedil;', NULL, '&#x0137;', NULL, 0, 0, 'bizzare'),
(13205, 'ĸ', '&kgreen;', NULL, '&#x0138;', NULL, 0, 0, 'bizzare'),
(13206, 'ќ', '&kjcy;', NULL, '&#x045C;', NULL, 0, 0, 'bizzare'),
(13207, '⇚', '&lAarr;', NULL, '&#x21DA;', NULL, 0, 0, 'bizzare'),
(13208, '⇐', '&lArr;', NULL, '&#x21D0;', NULL, 0, 0, 'bizzare'),
(13209, '≦', '&lE;', NULL, '&#x2266;', NULL, 0, 0, 'bizzare'),
(13210, 'ℒ', '&lagran;', NULL, '&#x2112;', NULL, 0, 0, 'bizzare'),
(13211, '〈', '&lang;', NULL, '&#x2329;', NULL, 0, 0, 'bizzare'),
(13212, '⇇', '&larr2;', NULL, '&#x21C7;', NULL, 0, 0, 'bizzare'),
(13213, '↩', '&larrhk;', NULL, '&#x21A9;', NULL, 0, 0, 'bizzare'),
(13214, '↫', '&larrlp;', NULL, '&#x21AB;', NULL, 0, 0, 'bizzare'),
(13215, '↢', '&larrtl;', NULL, '&#x21A2;', NULL, 0, 0, 'bizzare'),
(13216, 'ľ', '&lcaron;', NULL, '&#x013E;', NULL, 0, 0, 'bizzare'),
(13217, 'ļ', '&lcedil;', NULL, '&#x013C;', NULL, 0, 0, 'bizzare'),
(13218, '⌈', '&lceil;', NULL, '&#x2308;', NULL, 0, 0, 'bizzare'),
(13219, '⋖', '&ldot;', NULL, '&#x22D6;', NULL, 0, 0, 'bizzare'),
(13220, '⋚', '&leg;', NULL, '&#x22DA;', NULL, 0, 0, 'bizzare'),
(13221, '⌊', '&lfloor;', NULL, '&#x230A;', NULL, 0, 0, 'bizzare'),
(13222, '≶', '&lg;', NULL, '&#x2276;', NULL, 0, 0, 'bizzare'),
(13223, '↽', '&lhard;', NULL, '&#x21BD;', NULL, 0, 0, 'bizzare'),
(13224, '↼', '&lharu;', NULL, '&#x21BC;', NULL, 0, 0, 'bizzare'),
(13225, '▄', '&lhblk;', NULL, '&#x2584;', NULL, 0, 0, 'bizzare'),
(13226, 'љ', '&ljcy;', NULL, '&#x0459;', NULL, 0, 0, 'bizzare'),
(13227, 'ŀ', '&lmidot;', NULL, '&#x0140;', NULL, 0, 0, 'bizzare'),
(13228, '≨', '&lnE;', NULL, '&#x2268;', NULL, 0, 0, 'bizzare'),
(13229, '⋦', '&lnsim;', NULL, '&#x22E6;', NULL, 0, 0, 'bizzare'),
(13230, '∗', '&lowast;', NULL, '&#x2217;', NULL, 0, 0, 'bizzare'),
(13231, '◊', '&loz;', NULL, '&#x25CA;', NULL, 0, 0, 'bizzare'),
(13232, '✦', '&lozf;', NULL, '&#x2726;', NULL, 0, 0, 'bizzare'),
(13233, '⇆', '&lrarr2;', NULL, '&#x21C6;', NULL, 0, 0, 'bizzare'),
(13234, '⇋', '&lrhar2;', NULL, '&#x21CB;', NULL, 0, 0, 'bizzare'),
(13235, '‎', '&lrm;', NULL, '&#x200E;', NULL, 0, 0, 'bizzare'),
(13236, '↰', '&lsh;', NULL, '&#x21B0;', NULL, 0, 0, 'bizzare'),
(13237, '≲', '&lsim;', NULL, '&#x2272;', NULL, 0, 0, 'bizzare'),
(13238, '⋋', '&lthree;', NULL, '&#x22CB;', NULL, 0, 0, 'bizzare'),
(13239, '⋉', '&ltimes;', NULL, '&#x22C9;', NULL, 0, 0, 'bizzare'),
(13240, '◃', '&ltri;', NULL, '&#x25C3;', NULL, 0, 0, 'bizzare'),
(13241, '⊴', '&ltrie;', NULL, '&#x22B4;', NULL, 0, 0, 'bizzare'),
(13242, '◂', '&ltrif;', NULL, '&#x25C2;', NULL, 0, 0, 'bizzare'),
(13243, '✠', '&malt;', NULL, '&#x2720;', NULL, 0, 0, 'bizzare'),
(13244, '↦', '&map;', NULL, '&#x21A6;', NULL, 0, 0, 'bizzare'),
(13245, '▮', '&marker;', NULL, '&#x25AE;', NULL, 0, 0, 'bizzare'),
(13246, '∣', '&mid;', NULL, '&#x2223;', NULL, 0, 0, 'bizzare'),
(13247, '⊟', '&minusb;', NULL, '&#x229F;', NULL, 0, 0, 'bizzare'),
(13248, '∓', '&mnplus;', NULL, '&#x2213;', NULL, 0, 0, 'bizzare'),
(13249, '⊧', '&models;', NULL, '&#x22A7;', NULL, 0, 0, 'bizzare'),
(13250, '⊸', '&mumap;', NULL, '&#x22B8;', NULL, 0, 0, 'bizzare'),
(13251, '⊯', '&nVDash;', NULL, '&#x22AF;', NULL, 0, 0, 'bizzare'),
(13252, '⊮', '&nVdash;', NULL, '&#x22AE;', NULL, 0, 0, 'bizzare'),
(13253, '∇', '&nabla;', NULL, '&#x2207;', NULL, 0, 0, 'bizzare'),
(13254, '≉', '&nap;', NULL, '&#x2249;', NULL, 0, 0, 'bizzare'),
(13255, 'ŉ', '&napos;', NULL, '&#x0149;', NULL, 0, 0, 'bizzare'),
(13256, '♮', '&natur;', NULL, '&#x266E;', NULL, 0, 0, 'bizzare'),
(13257, 'ņ', '&ncedil;', NULL, '&#x0146;', NULL, 0, 0, 'bizzare'),
(13258, '≇', '&ncong;', NULL, '&#x2247;', NULL, 0, 0, 'bizzare'),
(13259, '↗', '&nearr;', NULL, '&#x2197;', NULL, 0, 0, 'bizzare'),
(13260, '≢', '&nequiv;', NULL, '&#x2262;', NULL, 0, 0, 'bizzare'),
(13261, '∄', '&nexist;', NULL, '&#x2204;', NULL, 0, 0, 'bizzare'),
(13262, '≱', '&nge;', NULL, '&#x2271;', NULL, 0, 0, 'bizzare'),
(13263, '≯', '&ngt;', NULL, '&#x226F;', NULL, 0, 0, 'bizzare'),
(13264, '⇎', '&nhArr;', NULL, '&#x21CE;', NULL, 0, 0, 'bizzare'),
(13265, '↮', '&nharr;', NULL, '&#x21AE;', NULL, 0, 0, 'bizzare'),
(13266, '∋', '&ni;', NULL, '&#x220B;', NULL, 0, 0, 'bizzare'),
(13267, 'њ', '&njcy;', NULL, '&#x045A;', NULL, 0, 0, 'bizzare'),
(13268, '⇍', '&nlArr;', NULL, '&#x21CD;', NULL, 0, 0, 'bizzare'),
(13269, '↚', '&nlarr;', NULL, '&#x219A;', NULL, 0, 0, 'bizzare'),
(13270, '‥', '&nldr;', NULL, '&#x2025;', NULL, 0, 0, 'bizzare'),
(13271, '≰', '&nle;', NULL, '&#x2270;', NULL, 0, 0, 'bizzare'),
(13272, '≮', '&nlt;', NULL, '&#x226E;', NULL, 0, 0, 'bizzare'),
(13273, '⋪', '&nltri;', NULL, '&#x22EA;', NULL, 0, 0, 'bizzare'),
(13274, '⋬', '&nltrie;', NULL, '&#x22EC;', NULL, 0, 0, 'bizzare'),
(13275, '∤', '&nmid;', NULL, '&#x2224;', NULL, 0, 0, 'bizzare'),
(13276, '∉', '&notin;', NULL, '&#x2209;', NULL, 0, 0, 'bizzare'),
(13277, '∦', '&npar;', NULL, '&#x2226;', NULL, 0, 0, 'bizzare'),
(13278, '⊀', '&npr;', NULL, '&#x2280;', NULL, 0, 0, 'bizzare'),
(13279, '⋠', '&npre;', NULL, '&#x22E0;', NULL, 0, 0, 'bizzare'),
(13280, '⇏', '&nrArr;', NULL, '&#x21CF;', NULL, 0, 0, 'bizzare'),
(13281, '↛', '&nrarr;', NULL, '&#x219B;', NULL, 0, 0, 'bizzare'),
(13282, '⋫', '&nrtri;', NULL, '&#x22EB;', NULL, 0, 0, 'bizzare'),
(13283, '⋭', '&nrtrie;', NULL, '&#x22ED;', NULL, 0, 0, 'bizzare'),
(13284, '⊁', '&nsc;', NULL, '&#x2281;', NULL, 0, 0, 'bizzare'),
(13285, '⋡', '&nsce;', NULL, '&#x22E1;', NULL, 0, 0, 'bizzare'),
(13286, '≁', '&nsim;', NULL, '&#x2241;', NULL, 0, 0, 'bizzare'),
(13287, '≄', '&nsime;', NULL, '&#x2244;', NULL, 0, 0, 'bizzare'),
(13288, '⊄', '&nsub;', NULL, '&#x2284;', NULL, 0, 0, 'bizzare'),
(13289, '⊈', '&nsubE;', NULL, '&#x2288;', NULL, 0, 0, 'bizzare'),
(13290, '⊅', '&nsup;', NULL, '&#x2285;', NULL, 0, 0, 'bizzare'),
(13291, '⊉', '&nsupE;', NULL, '&#x2289;', NULL, 0, 0, 'bizzare'),
(13292, ' ', '&numsp;', NULL, '&#x2007;', NULL, 0, 0, 'bizzare'),
(13293, '⊭', '&nvDash;', NULL, '&#x22AD;', NULL, 0, 0, 'bizzare'),
(13294, '⊬', '&nvdash;', NULL, '&#x22AC;', NULL, 0, 0, 'bizzare'),
(13295, '↖', '&nwarr;', NULL, '&#x2196;', NULL, 0, 0, 'bizzare'),
(13296, 'Ⓢ', '&oS;', NULL, '&#x24C8;', NULL, 0, 0, 'bizzare'),
(13297, 'ό', '&oacgr;', NULL, '&#x03CC;', NULL, 0, 0, 'bizzare'),
(13298, '⊛', '&oast;', NULL, '&#x229B;', NULL, 0, 0, 'bizzare'),
(13299, '⊚', '&ocir;', NULL, '&#x229A;', NULL, 0, 0, 'bizzare'),
(13300, '⊝', '&odash;', NULL, '&#x229D;', NULL, 0, 0, 'bizzare'),
(13301, 'ő', '&odblac;', NULL, '&#x0151;', NULL, 0, 0, 'bizzare'),
(13302, '⊙', '&odot;', NULL, '&#x2299;', NULL, 0, 0, 'bizzare'),
(13303, 'Ω', '&ohm;', NULL, '&#x2126;', NULL, 0, 0, 'bizzare'),
(13304, '↺', '&olarr;', NULL, '&#x21BA;', NULL, 0, 0, 'bizzare'),
(13305, 'ō', '&omacr;', NULL, '&#x014D;', NULL, 0, 0, 'bizzare'),
(13306, '⊖', '&ominus;', NULL, '&#x2296;', NULL, 0, 0, 'bizzare'),
(13307, '⊕', '&oplus;', NULL, '&#x2295;', NULL, 0, 0, 'bizzare'),
(13308, '∨', '&or;', NULL, '&#x2228;', NULL, 0, 0, 'bizzare'),
(13309, '↻', '&orarr;', NULL, '&#x21BB;', NULL, 0, 0, 'bizzare');
INSERT INTO `symbol` (`id`, `symbol`, `html`, `dec`, `hex`, `descr`, `ProtettiHtml`, `NoHtml`, `property`) VALUES
(13310, 'ℴ', '&order;', NULL, '&#x2134;', NULL, 0, 0, 'bizzare'),
(13311, 'ø', '&oslash;', NULL, '&#x00F8;', NULL, 0, 0, 'bizzare'),
(13312, '⊘', '&osol;', NULL, '&#x2298;', NULL, 0, 0, 'bizzare'),
(13313, 'õ', '&otilde;', NULL, '&#x00F5;', NULL, 0, 0, 'bizzare'),
(13314, '⊗', '&otimes;', NULL, '&#x2297;', NULL, 0, 0, 'bizzare'),
(13315, '∥', '&par;', NULL, '&#x2225;', NULL, 0, 0, 'bizzare'),
(13316, 'ℳ', '&phmmat;', NULL, '&#x2133;', NULL, 0, 0, 'bizzare'),
(13317, '☎', '&phone;', NULL, '&#x260E;', NULL, 0, 0, 'bizzare'),
(13318, 'ℏ', '&planck;', NULL, '&#x210F;', NULL, 0, 0, 'bizzare'),
(13319, '⊞', '&plusb;', NULL, '&#x229E;', NULL, 0, 0, 'bizzare'),
(13320, '∔', '&plusdo;', NULL, '&#x2214;', NULL, 0, 0, 'bizzare'),
(13321, '≺', '&pr;', NULL, '&#x227A;', NULL, 0, 0, 'bizzare'),
(13322, '′', '&prime;', NULL, '&#x2032;', NULL, 0, 0, 'bizzare'),
(13323, '⋨', '&prnsim;', NULL, '&#x22E8;', NULL, 0, 0, 'bizzare'),
(13324, '∝', '&prop;', NULL, '&#x221D;', NULL, 0, 0, 'bizzare'),
(13325, '≾', '&prsim;', NULL, '&#x227E;', NULL, 0, 0, 'bizzare'),
(13326, '⇛', '&rAarr;', NULL, '&#x21DB;', NULL, 0, 0, 'bizzare'),
(13327, '⇒', '&rArr;', NULL, '&#x21D2;', NULL, 0, 0, 'bizzare'),
(13328, '〉', '&rang;', NULL, '&#x232A;', NULL, 0, 0, 'bizzare'),
(13329, '⇉', '&rarr2;', NULL, '&#x21C9;', NULL, 0, 0, 'bizzare'),
(13330, '↪', '&rarrhk;', NULL, '&#x21AA;', NULL, 0, 0, 'bizzare'),
(13331, '↬', '&rarrlp;', NULL, '&#x21AC;', NULL, 0, 0, 'bizzare'),
(13332, '↣', '&rarrtl;', NULL, '&#x21A3;', NULL, 0, 0, 'bizzare'),
(13333, '↝', '&rarrw;', NULL, '&#x219D;', NULL, 0, 0, 'bizzare'),
(13334, 'ŗ', '&rcedil;', NULL, '&#x0157;', NULL, 0, 0, 'bizzare'),
(13335, '⌉', '&rceil;', NULL, '&#x2309;', NULL, 0, 0, 'bizzare'),
(13336, 'ℜ', '&real;', NULL, '&#x211C;', NULL, 0, 0, 'bizzare'),
(13337, '▭', '&rect;', NULL, '&#x25AD;', NULL, 0, 0, 'bizzare'),
(13338, '⌋', '&rfloor;', NULL, '&#x230B;', NULL, 0, 0, 'bizzare'),
(13339, '⇁', '&rhard;', NULL, '&#x21C1;', NULL, 0, 0, 'bizzare'),
(13340, '⇀', '&rharu;', NULL, '&#x21C0;', NULL, 0, 0, 'bizzare'),
(13341, '⇄', '&rlarr2;', NULL, '&#x21C4;', NULL, 0, 0, 'bizzare'),
(13342, '⇌', '&rlhar2;', NULL, '&#x21CC;', NULL, 0, 0, 'bizzare'),
(13343, '‏', '&rlm;', NULL, '&#x200F;', NULL, 0, 0, 'bizzare'),
(13344, '↱', '&rsh;', NULL, '&#x21B1;', NULL, 0, 0, 'bizzare'),
(13345, '⋌', '&rthree;', NULL, '&#x22CC;', NULL, 0, 0, 'bizzare'),
(13346, '⋊', '&rtimes;', NULL, '&#x22CA;', NULL, 0, 0, 'bizzare'),
(13347, '▹', '&rtri;', NULL, '&#x25B9;', NULL, 0, 0, 'bizzare'),
(13348, '⊵', '&rtrie;', NULL, '&#x22B5;', NULL, 0, 0, 'bizzare'),
(13349, '▸', '&rtrif;', NULL, '&#x25B8;', NULL, 0, 0, 'bizzare'),
(13350, '℞', '&rx;', NULL, '&#x211E;', NULL, 0, 0, 'bizzare'),
(13351, '≻', '&sc;', NULL, '&#x227B;', NULL, 0, 0, 'bizzare'),
(13352, '≽', '&sccue;', NULL, '&#x227D;', NULL, 0, 0, 'bizzare'),
(13353, 'ŝ', '&scirc;', NULL, '&#x015D;', NULL, 0, 0, 'bizzare'),
(13354, '⋩', '&scnsim;', NULL, '&#x22E9;', NULL, 0, 0, 'bizzare'),
(13355, '≿', '&scsim;', NULL, '&#x227F;', NULL, 0, 0, 'bizzare'),
(13356, '⋅', '&sdot;', NULL, '&#x22C5;', NULL, 0, 0, 'bizzare'),
(13357, '⊡', '&sdotb;', NULL, '&#x22A1;', NULL, 0, 0, 'bizzare'),
(13358, '∖', '&setmn;', NULL, '&#x2216;', NULL, 0, 0, 'bizzare'),
(13359, '✶', '&sext;', NULL, '&#x2736;', NULL, 0, 0, 'bizzare'),
(13360, '∼', '&sim;', NULL, '&#x223C;', NULL, 0, 0, 'bizzare'),
(13361, '≃', '&sime;', NULL, '&#x2243;', NULL, 0, 0, 'bizzare'),
(13362, '☺', '&smile;', NULL, '&#x263A;', NULL, 0, 0, 'bizzare'),
(13363, '⊓', '&sqcap;', NULL, '&#x2293;', NULL, 0, 0, 'bizzare'),
(13364, '⊔', '&sqcup;', NULL, '&#x2294;', NULL, 0, 0, 'bizzare'),
(13365, '⊏', '&sqsub;', NULL, '&#x228F;', NULL, 0, 0, 'bizzare'),
(13366, '⊑', '&sqsube;', NULL, '&#x2291;', NULL, 0, 0, 'bizzare'),
(13367, '⊐', '&sqsup;', NULL, '&#x2290;', NULL, 0, 0, 'bizzare'),
(13368, '⊒', '&sqsupe;', NULL, '&#x2292;', NULL, 0, 0, 'bizzare'),
(13369, '□', '&squ;', NULL, '&#x25A1;', NULL, 0, 0, 'bizzare'),
(13370, '▪', '&squf;', NULL, '&#x25AA;', NULL, 0, 0, 'bizzare'),
(13371, '☻', '&ssmile;', NULL, '&#x263B;', NULL, 0, 0, 'bizzare'),
(13372, '☆', '&star;', NULL, '&#x2606;', NULL, 0, 0, 'bizzare'),
(13373, '★', '&starf;', NULL, '&#x2605;', NULL, 0, 0, 'bizzare'),
(13374, '⊂', '&sub;', NULL, '&#x2282;', NULL, 0, 0, 'bizzare'),
(13375, '⊆', '&subE;', NULL, '&#x2286;', NULL, 0, 0, 'bizzare'),
(13376, '⊊', '&subnE;', NULL, '&#x228A;', NULL, 0, 0, 'bizzare'),
(13377, '⊃', '&sup;', NULL, '&#x2283;', NULL, 0, 0, 'bizzare'),
(13378, '⊇', '&supE;', NULL, '&#x2287;', NULL, 0, 0, 'bizzare'),
(13379, '⊋', '&supnE;', NULL, '&#x228B;', NULL, 0, 0, 'bizzare'),
(13380, '⌖', '&target;', NULL, '&#x2316;', NULL, 0, 0, 'bizzare'),
(13381, '⃛', '&tdot;', NULL, '&#x20DB;', NULL, 0, 0, 'bizzare'),
(13382, '⌕', '&telrec;', NULL, '&#x2315;', NULL, 0, 0, 'bizzare'),
(13383, '∴', '&there4;', NULL, '&#x2234;', NULL, 0, 0, 'bizzare'),
(13384, ' ', '&thinsp;', NULL, '&#x2009;', NULL, 0, 0, 'bizzare'),
(13385, 'þ', '&thorn;', NULL, '&#x00FE;', NULL, 0, 0, 'bizzare'),
(13386, '⊠', '&timesb;', NULL, '&#x22A0;', NULL, 0, 0, 'bizzare'),
(13387, '⊤', '&top;', NULL, '&#x22A4;', NULL, 0, 0, 'bizzare'),
(13388, '‴', '&tprime;', NULL, '&#x2034;', NULL, 0, 0, 'bizzare'),
(13389, '≜', '&trie;', NULL, '&#x225C;', NULL, 0, 0, 'bizzare'),
(13390, 'ћ', '&tshcy;', NULL, '&#x045B;', NULL, 0, 0, 'bizzare'),
(13391, 'ŧ', '&tstrok;', NULL, '&#x0167;', NULL, 0, 0, 'bizzare'),
(13392, '≬', '&twixt;', NULL, '&#x226C;', NULL, 0, 0, 'bizzare'),
(13393, '⇑', '&uArr;', NULL, '&#x21D1;', NULL, 0, 0, 'bizzare'),
(13394, 'ύ', '&uacgr;', NULL, '&#x03CD;', NULL, 0, 0, 'bizzare'),
(13395, '⇈', '&uarr2;', NULL, '&#x21C8;', NULL, 0, 0, 'bizzare'),
(13396, 'ў', '&ubrcy;', NULL, '&#x045E;', NULL, 0, 0, 'bizzare'),
(13397, 'ŭ', '&ubreve;', NULL, '&#x016D;', NULL, 0, 0, 'bizzare'),
(13398, 'ű', '&udblac;', NULL, '&#x0171;', NULL, 0, 0, 'bizzare'),
(13399, 'ΰ', '&udiagr;', NULL, '&#x03B0;', NULL, 0, 0, 'bizzare'),
(13400, 'ϋ', '&udigr;', NULL, '&#x03CB;', NULL, 0, 0, 'bizzare'),
(13401, '↿', '&uharl;', NULL, '&#x21BF;', NULL, 0, 0, 'bizzare'),
(13402, '↾', '&uharr;', NULL, '&#x21BE;', NULL, 0, 0, 'bizzare'),
(13403, '▀', '&uhblk;', NULL, '&#x2580;', NULL, 0, 0, 'bizzare'),
(13404, '⌜', '&ulcorn;', NULL, '&#x231C;', NULL, 0, 0, 'bizzare'),
(13405, '⌏', '&ulcrop;', NULL, '&#x230F;', NULL, 0, 0, 'bizzare'),
(13406, 'ū', '&umacr;', NULL, '&#x016B;', NULL, 0, 0, 'bizzare'),
(13407, 'ų', '&uogon;', NULL, '&#x0173;', NULL, 0, 0, 'bizzare'),
(13408, '⊎', '&uplus;', NULL, '&#x228E;', NULL, 0, 0, 'bizzare'),
(13409, 'ϒ', '&upsih;', NULL, '&#x03D2;', NULL, 0, 0, 'bizzare'),
(13410, '⌝', '&urcorn;', NULL, '&#x231D;', NULL, 0, 0, 'bizzare'),
(13411, '⌎', '&urcrop;', NULL, '&#x230E;', NULL, 0, 0, 'bizzare'),
(13412, 'ũ', '&utilde;', NULL, '&#x0169;', NULL, 0, 0, 'bizzare'),
(13413, '▵', '&utri;', NULL, '&#x25B5;', NULL, 0, 0, 'bizzare'),
(13414, '▴', '&utrif;', NULL, '&#x25B4;', NULL, 0, 0, 'bizzare'),
(13415, '⇕', '&vArr;', NULL, '&#x21D5;', NULL, 0, 0, 'bizzare'),
(13416, '⊨', '&vDash;', NULL, '&#x22A8;', NULL, 0, 0, 'bizzare'),
(13417, '↕', '&varr;', NULL, '&#x2195;', NULL, 0, 0, 'bizzare'),
(13418, '⊢', '&vdash;', NULL, '&#x22A2;', NULL, 0, 0, 'bizzare'),
(13419, '⊻', '&veebar;', NULL, '&#x22BB;', NULL, 0, 0, 'bizzare'),
(13420, '⋮', '&vellip;', NULL, '&#x22EE;', NULL, 0, 0, 'bizzare'),
(13421, '⊲', '&vltri;', NULL, '&#x22B2;', NULL, 0, 0, 'bizzare'),
(13422, '⊳', '&vrtri;', NULL, '&#x22B3;', NULL, 0, 0, 'bizzare'),
(13423, 'ŵ', '&wcirc;', NULL, '&#x0175;', NULL, 0, 0, 'bizzare'),
(13424, '≙', '&wedgeq;', NULL, '&#x2259;', NULL, 0, 0, 'bizzare'),
(13425, '℘', '&weierp;', NULL, '&#x2118;', NULL, 0, 0, 'bizzare'),
(13426, '≀', '&wreath;', NULL, '&#x2240;', NULL, 0, 0, 'bizzare'),
(13427, '▽', '&xdtri;', NULL, '&#x25BD;', NULL, 0, 0, 'bizzare'),
(13428, '△', '&xutri;', NULL, '&#x25B3;', NULL, 0, 0, 'bizzare'),
(13429, 'ŷ', '&ycirc;', NULL, '&#x0177;', NULL, 0, 0, 'bizzare'),
(13430, 'ї', '&yicy;', NULL, '&#x0457;', NULL, 0, 0, 'bizzare'),
(13431, 'ÿ', '&yuml;', NULL, '&#x00FF;', NULL, 0, 0, 'bizzare'),
(13432, NULL, '&zwj;', NULL, '&#x200D;', NULL, 0, 0, 'bizzare'),
(13433, NULL, '&zwnj;', NULL, '&#x200C;', NULL, 0, 0, 'bizzare');

-- --------------------------------------------------------

--
-- Struttura della tabella `test`
--

CREATE TABLE IF NOT EXISTS `test` (
  `id` int(11) NOT NULL,
  `tables` varchar(100) COLLATE utf8_bin NOT NULL
) ENGINE=InnoDB DEFAULT CHARSET=utf8 COLLATE=utf8_bin;

-- --------------------------------------------------------

--
-- Struttura della tabella `tmp`
--

CREATE TABLE IF NOT EXISTS `tmp` (
  `TABLE_CATALOG` varchar(512) CHARACTER SET utf8 NOT NULL DEFAULT '',
  `TABLE_SCHEMA` varchar(64) CHARACTER SET utf8 NOT NULL DEFAULT '',
  `TABLE_NAME` varchar(64) CHARACTER SET utf8 NOT NULL DEFAULT '',
  `TABLE_TYPE` varchar(64) CHARACTER SET utf8 NOT NULL DEFAULT '',
  `ENGINE` varchar(64) CHARACTER SET utf8 DEFAULT NULL,
  `VERSION` bigint(21) unsigned DEFAULT NULL,
  `ROW_FORMAT` varchar(10) CHARACTER SET utf8 DEFAULT NULL,
  `TABLE_ROWS` bigint(21) unsigned DEFAULT NULL,
  `AVG_ROW_LENGTH` bigint(21) unsigned DEFAULT NULL,
  `DATA_LENGTH` bigint(21) unsigned DEFAULT NULL,
  `MAX_DATA_LENGTH` bigint(21) unsigned DEFAULT NULL,
  `INDEX_LENGTH` bigint(21) unsigned DEFAULT NULL,
  `DATA_FREE` bigint(21) unsigned DEFAULT NULL,
  `AUTO_INCREMENT` bigint(21) unsigned DEFAULT NULL,
  `CREATE_TIME` datetime DEFAULT NULL,
  `UPDATE_TIME` datetime DEFAULT NULL,
  `CHECK_TIME` datetime DEFAULT NULL,
  `TABLE_COLLATION` varchar(32) CHARACTER SET utf8 DEFAULT NULL,
  `CHECKSUM` bigint(21) unsigned DEFAULT NULL,
  `CREATE_OPTIONS` varchar(255) CHARACTER SET utf8 DEFAULT NULL,
  `TABLE_COMMENT` varchar(2048) CHARACTER SET utf8 NOT NULL DEFAULT ''
) ENGINE=InnoDB DEFAULT CHARSET=utf8 COLLATE=utf8_bin;

--
-- Dump dei dati per la tabella `tmp`
--

INSERT INTO `tmp` (`TABLE_CATALOG`, `TABLE_SCHEMA`, `TABLE_NAME`, `TABLE_TYPE`, `ENGINE`, `VERSION`, `ROW_FORMAT`, `TABLE_ROWS`, `AVG_ROW_LENGTH`, `DATA_LENGTH`, `MAX_DATA_LENGTH`, `INDEX_LENGTH`, `DATA_FREE`, `AUTO_INCREMENT`, `CREATE_TIME`, `UPDATE_TIME`, `CHECK_TIME`, `TABLE_COLLATION`, `CHECKSUM`, `CREATE_OPTIONS`, `TABLE_COMMENT`) VALUES
('def', 'codifica', 'category', 'BASE TABLE', 'InnoDB', 10, 'Compact', 17, 963, 16384, 0, 16384, 5242880, 1234, '2014-06-03 15:40:50', NULL, NULL, 'utf8_bin', NULL, '', ''),
('def', 'codifica', 'category_symbol', 'BASE TABLE', 'InnoDB', 10, 'Compact', 353, 46, 16384, 0, 32768, 5242880, 354, '2014-06-03 15:40:51', NULL, NULL, 'utf8_bin', NULL, '', ''),
('def', 'codifica', 'log', 'BASE TABLE', 'InnoDB', 10, 'Compact', 0, 0, 16384, 0, 0, 5242880, 1, '2014-06-04 14:20:19', NULL, NULL, 'utf8_bin', NULL, '', ''),
('def', 'codifica', 'migration', 'BASE TABLE', 'InnoDB', 10, 'Compact', 12, 1365, 16384, 0, 0, 5242880, NULL, '2014-05-30 09:40:54', NULL, NULL, 'utf8_bin', NULL, '', ''),
('def', 'codifica', 'profile', 'BASE TABLE', 'InnoDB', 10, 'Compact', 3, 5461, 16384, 0, 16384, 5242880, 5, '2014-06-03 15:52:58', NULL, NULL, 'utf8_bin', NULL, '', ''),
('def', 'codifica', 'role', 'BASE TABLE', 'InnoDB', 10, 'Compact', 2, 8192, 16384, 0, 0, 5242880, 3, '2014-06-03 15:52:58', NULL, NULL, 'utf8_bin', NULL, '', ''),
('def', 'codifica', 'symbol', 'BASE TABLE', 'InnoDB', 10, 'Compact', 973, 84, 81920, 0, 131072, 5242880, 13434, '2014-06-03 15:40:50', NULL, NULL, 'utf8_bin', NULL, '', ''),
('def', 'codifica', 'test', 'BASE TABLE', 'InnoDB', 10, 'Compact', 0, 0, 16384, 0, 0, 5242880, NULL, '2014-06-04 12:59:08', NULL, NULL, 'utf8_bin', NULL, '', ''),
('def', 'codifica', 'tmp', 'BASE TABLE', 'InnoDB', 10, 'Compact', 0, 0, 16384, 0, 0, 5242880, NULL, '2014-06-04 14:35:02', NULL, NULL, 'utf8_bin', NULL, '', ''),
('def', 'codifica', 'user', 'BASE TABLE', 'InnoDB', 10, 'Compact', 3, 5461, 16384, 0, 49152, 5242880, 5, '2014-06-03 15:52:58', NULL, NULL, 'utf8_bin', NULL, '', ''),
('def', 'codifica', 'user_auth', 'BASE TABLE', 'InnoDB', 10, 'Compact', 0, 0, 16384, 0, 32768, 5242880, 1, '2014-06-03 15:52:59', NULL, NULL, 'utf8_bin', NULL, '', ''),
('def', 'codifica', 'user_key', 'BASE TABLE', 'InnoDB', 10, 'Compact', 0, 0, 16384, 0, 32768, 5242880, 1, '2014-06-03 15:52:58', NULL, NULL, 'utf8_bin', NULL, '', '');

-- --------------------------------------------------------

--
-- Struttura della tabella `user`
--

CREATE TABLE IF NOT EXISTS `user` (
  `id` int(10) unsigned NOT NULL AUTO_INCREMENT,
  `role_id` int(10) unsigned NOT NULL,
  `status` tinyint(4) NOT NULL,
  `email` varchar(255) COLLATE utf8_bin DEFAULT NULL,
  `new_email` varchar(255) COLLATE utf8_bin DEFAULT NULL,
  `username` varchar(255) COLLATE utf8_bin DEFAULT NULL,
  `password` varchar(255) COLLATE utf8_bin DEFAULT NULL,
  `auth_key` varchar(255) COLLATE utf8_bin DEFAULT NULL,
  `api_key` varchar(255) COLLATE utf8_bin DEFAULT NULL,
  `login_ip` varchar(45) COLLATE utf8_bin DEFAULT NULL,
  `login_time` timestamp NULL DEFAULT NULL,
  `create_ip` varchar(45) COLLATE utf8_bin DEFAULT NULL,
  `create_time` timestamp NULL DEFAULT NULL,
  `update_time` timestamp NULL DEFAULT NULL,
  `ban_time` timestamp NULL DEFAULT NULL,
  `ban_reason` varchar(255) COLLATE utf8_bin DEFAULT NULL,
  PRIMARY KEY (`id`),
  UNIQUE KEY `user_email` (`email`),
  UNIQUE KEY `user_username` (`username`),
  KEY `user_role_id` (`role_id`)
) ENGINE=InnoDB  DEFAULT CHARSET=utf8 COLLATE=utf8_bin AUTO_INCREMENT=5 ;

--
-- Dump dei dati per la tabella `user`
--

INSERT INTO `user` (`id`, `role_id`, `status`, `email`, `new_email`, `username`, `password`, `auth_key`, `api_key`, `login_ip`, `login_time`, `create_ip`, `create_time`, `update_time`, `ban_time`, `ban_reason`) VALUES
(2, 2, 2, 'd.macori@ritoll.it', NULL, 'Daniele', '$2y$13$UtiXJYthxVjov.yBy1FnfufxgwF91wasrQvq8sTAvzUS7sAtPCaJa', NULL, NULL, '::1', '2014-06-03 15:05:07', NULL, '2014-06-03 13:59:14', NULL, NULL, NULL),
(3, 1, 2, 'a.shcherbakov@ritoll.it', NULL, 'Andrea', '$2y$13$Bk2sc2yFerrIEJRQXsECkeGN6.xHgiqxS814RVwyKPsqrPBg.ONQS', NULL, NULL, '::1', '2014-06-04 09:58:36', NULL, '2014-06-03 14:01:33', '2014-06-04 09:24:43', NULL, NULL),
(4, 2, 2, 'a.impiglia@ritoll.it', NULL, 'Andrew', '$2y$13$nuasJQO94NDuqLx8cPuqsucNEoQNwuyIPVsAmixKnmlm/RJOHnvpK', NULL, NULL, '::1', '2014-06-04 09:32:33', NULL, '2014-06-03 14:55:22', '2014-06-04 09:30:14', NULL, NULL);

-- --------------------------------------------------------

--
-- Struttura della tabella `user_auth`
--

CREATE TABLE IF NOT EXISTS `user_auth` (
  `id` int(10) unsigned NOT NULL AUTO_INCREMENT,
  `user_id` int(10) unsigned NOT NULL,
  `provider` varchar(255) COLLATE utf8_bin NOT NULL,
  `provider_id` varchar(255) COLLATE utf8_bin NOT NULL,
  `provider_attributes` text COLLATE utf8_bin NOT NULL,
  `create_time` timestamp NULL DEFAULT NULL,
  `update_time` timestamp NULL DEFAULT NULL,
  PRIMARY KEY (`id`),
  KEY `user_auth_provider_id` (`provider_id`),
  KEY `user_auth_user_id` (`user_id`)
) ENGINE=InnoDB DEFAULT CHARSET=utf8 COLLATE=utf8_bin AUTO_INCREMENT=1 ;

-- --------------------------------------------------------

--
-- Struttura della tabella `user_key`
--

CREATE TABLE IF NOT EXISTS `user_key` (
  `id` int(10) unsigned NOT NULL AUTO_INCREMENT,
  `user_id` int(10) unsigned NOT NULL,
  `type` tinyint(4) NOT NULL,
  `key` varchar(255) COLLATE utf8_bin NOT NULL,
  `create_time` timestamp NULL DEFAULT NULL,
  `consume_time` timestamp NULL DEFAULT NULL,
  `expire_time` timestamp NULL DEFAULT NULL,
  PRIMARY KEY (`id`),
  UNIQUE KEY `user_key_key` (`key`),
  KEY `user_key_user_id` (`user_id`)
) ENGINE=InnoDB DEFAULT CHARSET=utf8 COLLATE=utf8_bin AUTO_INCREMENT=1 ;

--
-- Limiti per le tabelle scaricate
--

--
-- Limiti per la tabella `category_symbol`
--
ALTER TABLE `category_symbol`
  ADD CONSTRAINT `fk-category` FOREIGN KEY (`cat_id`) REFERENCES `category` (`id`) ON UPDATE CASCADE,
  ADD CONSTRAINT `fk-symbol` FOREIGN KEY (`symbol_id`) REFERENCES `symbol` (`id`) ON UPDATE CASCADE;

--
-- Limiti per la tabella `log`
--
ALTER TABLE `log`
  ADD CONSTRAINT `log_author` FOREIGN KEY (`author`) REFERENCES `user` (`id`) ON UPDATE CASCADE;

--
-- Limiti per la tabella `profile`
--
ALTER TABLE `profile`
  ADD CONSTRAINT `profile_user_id` FOREIGN KEY (`user_id`) REFERENCES `user` (`id`);

--
-- Limiti per la tabella `user`
--
ALTER TABLE `user`
  ADD CONSTRAINT `user_role_id` FOREIGN KEY (`role_id`) REFERENCES `role` (`id`);

--
-- Limiti per la tabella `user_auth`
--
ALTER TABLE `user_auth`
  ADD CONSTRAINT `user_auth_user_id` FOREIGN KEY (`user_id`) REFERENCES `user` (`id`);

--
-- Limiti per la tabella `user_key`
--
ALTER TABLE `user_key`
  ADD CONSTRAINT `user_key_user_id` FOREIGN KEY (`user_id`) REFERENCES `user` (`id`);

/*!40101 SET CHARACTER_SET_CLIENT=@OLD_CHARACTER_SET_CLIENT */;
/*!40101 SET CHARACTER_SET_RESULTS=@OLD_CHARACTER_SET_RESULTS */;
/*!40101 SET COLLATION_CONNECTION=@OLD_COLLATION_CONNECTION */;
